ID,CHALLENGE,CREATED,DESCRIPTION,HIT_ID,STATUS,WORKER_ID,LENGTH,SPAM
d97f94973a1442e1ab93c746b43d47d8,cscw19-1-imageAndDescription-label,2019-03-23 10:48:36.724,Use it on table in my office.,39O0SQZVJNELXR9DX9F1N9L3JXT7RX,unreviewed,A2MR1H3PV0EDDR,29,ham
41d831610b7c40d0b328b77fd62e3fd0,cscw19-1-imageAndDescription-label,2019-03-23 10:57:41.786,use it on sofa living the room.,39O0SQZVJNELXR9DX9F1N9L3JXT7RX,unreviewed,A2MR1H3PV0EDDR,31,ham
021f894ebee64537b689414c48502da0,cscw19-1-description-label,2019-03-19 12:01:23.182,touch wall to change temperature,3IJ95K7NDXJJBMSMX52EK2TMH19NGA,unreviewed,A1IBQ7MUUTWLS9,32,ham
37fc0b348a164d5d980afa18d046551c,cscw19-1-description-label,2019-03-23 09:43:24.294,Use it on furniture office room.,3JVP4ZJHDPZUMH6AMN0JU2APON4I04,unreviewed,AUPRMVUM25CSP,32,ham
e86fe739a1c54690b70b0bc482e22892,cscw19-1-description-label,2019-03-23 09:34:48.159,Use it on furniture using house door.,3JVP4ZJHDPZUMH6AMN0JU2APON4I04,unreviewed,AUPRMVUM25CSP,37,ham
16552a191e4e4e8cbbe86aee23e28fb8,cscw19-1-description-label,2019-03-23 09:31:09.398,Use it on furniture using book table. ,3JVP4ZJHDPZUMH6AMN0JU2APON4I04,unreviewed,AUPRMVUM25CSP,38,ham
37fa2da2da774341afcaa79d890a7455,cscw19-1-imageAndDescription-label,2019-03-23 11:02:20.49,use it on telephone table living room.,39O0SQZVJNELXR9DX9F1N9L3JXT7RX,unreviewed,A2MR1H3PV0EDDR,38,ham
8a3c5ae02f124e829f73f77637d11443,cscw19-1-description-label,2019-03-23 09:36:29.223,Use it on furniture using in the window,3JVP4ZJHDPZUMH6AMN0JU2APON4I04,unreviewed,AUPRMVUM25CSP,39,ham
1f4a936617044d7eaf9a70e9c3b22794,cscw19-1-description-label,2019-03-23 09:32:06.394,Use it on furniture using kitchen room.,3JVP4ZJHDPZUMH6AMN0JU2APON4I04,unreviewed,AUPRMVUM25CSP,39,ham
f4b6eb40a9054f6bb96cf0d0bd0c2d72,cscw19-1-description-label,2019-03-23 09:30:24.91,Use it on furniture using the living room,3JVP4ZJHDPZUMH6AMN0JU2APON4I04,unreviewed,AUPRMVUM25CSP,41,ham
ce3af3657a8a405197920c7d0a9b2fcd,cscw19-1-description-label,2019-03-23 09:33:10.41,Use it on furniture using office book table.,3JVP4ZJHDPZUMH6AMN0JU2APON4I04,unreviewed,AUPRMVUM25CSP,44,ham
20409a44223e4511b0a3599b71dc0127,cscw19-1-description-label,2019-03-23 09:42:16.873,Use it on furniture using college library table.,3JVP4ZJHDPZUMH6AMN0JU2APON4I04,unreviewed,AUPRMVUM25CSP,48,ham
9a68ba77a41843dd9fead06861b14025,cscw19-1-imageAndDescription-label,2019-03-23 10:59:01.347,Use it on coffee table and sofa table living room,39O0SQZVJNELXR9DX9F1N9L3JXT7RX,unreviewed,A2MR1H3PV0EDDR,49,ham
0baa6c29a8a6498782211e5100117977,cscw19-1-description-label,2019-03-23 09:39:59.201,Use it on furniture using dining table of kitchen.,3JVP4ZJHDPZUMH6AMN0JU2APON4I04,unreviewed,AUPRMVUM25CSP,50,ham
cad9cc2ba18e45539b8c13d8e65c6ae0,cscw19-1-description-label,2019-03-23 09:42:53.799,Use it on furniture using school class room table.,3JVP4ZJHDPZUMH6AMN0JU2APON4I04,unreviewed,AUPRMVUM25CSP,50,ham
cb8708d1c70a4c278d0278b9484967bc,cscw19-1-description-label,2019-03-23 09:41:09.506,Use it on furniture using pattern match the exterior room.,3JVP4ZJHDPZUMH6AMN0JU2APON4I04,unreviewed,AUPRMVUM25CSP,58,ham
6109c962153445898e4426e1d4b0d733,cscw19-1-image-label,2019-03-22 16:07:22.689,A smart glove that can act as a phone or multimedia device.,36FFXPMST9VFT3N9IQK9KR5SMDRHOM,unreviewed,A2RUHO7I7Y4XFA,59,ham
f7b8ebaece4a4dbaa348e556d31c2233,cscw19-1-description-label,2019-03-23 09:37:47.28,Use it on furniture using dining table in the kitchen room.,3JVP4ZJHDPZUMH6AMN0JU2APON4I04,unreviewed,AUPRMVUM25CSP,59,ham
92e40b4eb8e64af79e4e3fe135b52f05,cscw19-1-imageAndDescription-label,2019-03-12 15:42:30.534,use of touch pillows to monitor temperature changes at night,3P7RGTLO6EKHTPUGESIOWO1FP7EAKV,unreviewed,A2N825X4R5H7EK,60,ham
5878f759ae6a4b4e9dac4135aebcd5c0,cscw19-1-description-label,2019-03-23 09:39:23.104,Use it on furniture to draw different pattern using living room.,3JVP4ZJHDPZUMH6AMN0JU2APON4I04,unreviewed,AUPRMVUM25CSP,64,ham
7eb3041519324ccd86e64b63b1f5464b,cscw19-1-image-label,2019-03-22 22:30:42.878,Use on a washing machine to set the wash settings and start the cycle.,36FFXPMST9VFT3N9IQK9KR5SMDRHOM,unreviewed,A2O7V3NTBF9RRE,70,ham
ad0a365d2b4d4c31af5437aa301aed04,cscw19-1-image-label,2019-03-22 16:02:31.304,A ball that was coated so that it's like a controller shape like an orb,36FFXPMST9VFT3N9IQK9KR5SMDRHOM,unreviewed,A2RUHO7I7Y4XFA,71,ham
dbc2212335b24051a35274a4a52f512e,cscw19-1-image-label,2019-03-22 16:05:50.673,A projector screen that can be extended and retracted with this coating.,36FFXPMST9VFT3N9IQK9KR5SMDRHOM,unreviewed,A2RUHO7I7Y4XFA,72,ham
9067a7637ee04867bf9060d3e83b6f58,cscw19-1-imageAndDescription-label,2019-03-12 16:31:29.79,Shoes could have a touch screen to store your steps and fitness information.,3P7RGTLO6EKHTPUGESIOWO1FP7EAKV,unreviewed,A2OVX9UW5WANQE,76,ham
bd5ec1f8bd694cbfb4e1d04cc6c0e6bb,cscw19-1-imageAndDescription-label,2019-03-12 16:27:07.258,A shower curtain could be used as a very large screen for television viewing.,3P7RGTLO6EKHTPUGESIOWO1FP7EAKV,unreviewed,A2OVX9UW5WANQE,77,ham
5e3e2a118c18404982482cb76255a87b,cscw19-1-imageAndDescription-label,2019-03-12 16:20:54.686,Make the back of bus and airplane seats into interactive screens for entertainment.,3P7RGTLO6EKHTPUGESIOWO1FP7EAKV,unreviewed,A2OVX9UW5WANQE,83,ham
53a2784c138b414ba93807cb625c923f,cscw19-1-imageAndDescription-label,2019-03-12 16:24:03.893,Pots and pans could show temperature information and images of what is cooking inside. ,3P7RGTLO6EKHTPUGESIOWO1FP7EAKV,unreviewed,A2OVX9UW5WANQE,87,ham
427914b3dba54664a0fa24e5e7c3179f,cscw19-1-description-label,2019-03-13 20:16:35.945,I would put it on cars. People can contact the owner and leave any important information.,3IHWR4LC7DKC46BDHRDYNHG77GHI8I,unreviewed,A2P53AN2M8IWFP,89,ham
bc79130f323248ceab79890543be2809,cscw19-1-image-label,2019-03-22 22:17:41.862,Use it on a chest freezer to be able to list what's inside so you know without opening it. ,36FFXPMST9VFT3N9IQK9KR5SMDRHOM,unreviewed,A2O7V3NTBF9RRE,91,ham
d6f0239f0cc54b68a3e1c678b3897586,cscw19-1-imageAndDescription-label,2019-03-12 16:22:38.726,A grocery cart handle could be interactive and keep track of shopping lists and order totals. ,3P7RGTLO6EKHTPUGESIOWO1FP7EAKV,unreviewed,A2OVX9UW5WANQE,94,ham
3d40d8240ad84011ae81befc39213668,cscw19-1-image-label,2019-03-22 22:25:37.059,Use on bedroom doors so that each person could create a lock pattern to keep everyone else out.,36FFXPMST9VFT3N9IQK9KR5SMDRHOM,unreviewed,A2O7V3NTBF9RRE,95,ham
5426e628ae844569b408279875eab05b,cscw19-1-description-label,2019-03-13 20:14:02.925,"I would put it on storefronts. Potential patrons can interact, see hours, contact employees, etc.",3IHWR4LC7DKC46BDHRDYNHG77GHI8I,unreviewed,A2P53AN2M8IWFP,97,ham
991ba3d1af384f00bed2bf09b3c53129,cscw19-1-image-label,2019-03-22 22:17:05.446,"Use it on kitchen chairs to change the design/pattern to match the season, or new place settings. ",36FFXPMST9VFT3N9IQK9KR5SMDRHOM,unreviewed,A2O7V3NTBF9RRE,98,ham
68733615021048f0be4e6250362a546f,cscw19-1-description-label,2019-03-13 20:19:26.479,I would put it on refrigerators. A person could check the contents and temperature without opening it.,3IHWR4LC7DKC46BDHRDYNHG77GHI8I,unreviewed,A2P53AN2M8IWFP,102,ham
c5933861dc7548bb8a3901edf29f94ab,cscw19-1-imageAndDescription-label,2019-03-24 03:43:42.124,A touchscreen coffee table that had built in coasters and customizable temperatures for hot/cold drinks.,3FTID4TN8L5T9DA1FY85EAW1H4LLYU,unreviewed,A32U64W0S9PUA3,104,ham
482a6be5c10c43758797d55d24440e3b,cscw19-1-imageAndDescription-label,2019-03-12 16:34:00.336,A mirror could incorporate a display that allows you to virtually try on different hairstyles and looks. ,3P7RGTLO6EKHTPUGESIOWO1FP7EAKV,unreviewed,A2OVX9UW5WANQE,105,ham
cbb81395c2bf49af94c8e75c45fa98a2,cscw19-1-imageAndDescription-label,2019-03-21 20:23:39.614,I would use it to made touch screen display on my shirt.And also i used it on my skin for get the results.,3ULIZ0H1VACIHIWDBMLPJYPUOS651K,unreviewed,A1XBAS3AXLFB5F,106,ham
088e0bb5632248379361909bc3357144,cscw19-1-description-label,2019-03-13 20:07:52.773,I would put it on pet collars. People can see information about the pet and it can contact the owner if lost.,3IHWR4LC7DKC46BDHRDYNHG77GHI8I,unreviewed,A2P53AN2M8IWFP,109,ham
bfaaf7f48b824bd0907090e309c9d9e3,cscw19-1-imageAndDescription-label,2019-03-21 20:35:42.496,I coated into the walls in houses and kitchen walls.Hence that be very useful to using a touch screen in wall.,3ULIZ0H1VACIHIWDBMLPJYPUOS651K,unreviewed,A1XBAS3AXLFB5F,110,ham
41e376fdc096458589272bd5b302dd14,cscw19-1-description-label,2019-03-13 20:09:18.075,I would place it on school desks. Assignments and personalized reminders could flash on the desk to help students.,3IHWR4LC7DKC46BDHRDYNHG77GHI8I,unreviewed,A2P53AN2M8IWFP,114,ham
7f0d835966824ce7ba8cf9fad98fc661,cscw19-1-image-label,2019-03-22 22:27:55.225,"Use on cupboard doors, and the refrigerator, to be able to lock the doors to keep people from eating between meals.",36FFXPMST9VFT3N9IQK9KR5SMDRHOM,unreviewed,A2O7V3NTBF9RRE,115,ham
99e86cedb2ac44faa3afeb51571feb59,cscw19-1-description-label,2019-03-13 20:06:09.287,I would put the coating on bathroom mirrors. When people wake up and brush their teeth they can see daily reminders.,3IHWR4LC7DKC46BDHRDYNHG77GHI8I,unreviewed,A2P53AN2M8IWFP,116,ham
ce04249a5662495881d433c6edc1c41c,cscw19-1-image-label,2019-03-22 22:16:06.792,"Use it on the refrigerator, so that you could have a running grocery list, leave notes for your kids/spouse/roommates. ",36FFXPMST9VFT3N9IQK9KR5SMDRHOM,unreviewed,A2O7V3NTBF9RRE,119,ham
9b4cdcb79237465b9667458bce21c8d0,cscw19-1-description-label,2019-03-13 20:11:47.232,"I would put it on outlets. Instead of flipping a switch a person could turn lights, fans, appliances on with a touch screen.",3IHWR4LC7DKC46BDHRDYNHG77GHI8I,unreviewed,A2P53AN2M8IWFP,124,ham
2f5bbf3bd9a24e6e9794112004d6c7af,cscw19-1-image-label,2019-03-22 16:13:18.578,Painted over walls so that you can easily change the backgrounds of the walls as you would switch wallpapers on smartphones.,36FFXPMST9VFT3N9IQK9KR5SMDRHOM,unreviewed,A2RUHO7I7Y4XFA,124,ham
96e9aa3d53c44b6c8f39f93b6a85a9f5,cscw19-1-image-label,2019-03-22 22:24:19.845,On the inside of the kitchen cupboard door or closet door so that an updating chart of everyone's chores for the week could be seen.,36FFXPMST9VFT3N9IQK9KR5SMDRHOM,unreviewed,A2O7V3NTBF9RRE,132,ham
655be71d4e2e4250898fe9a829259781,cscw19-1-image-label,2019-03-22 16:11:21.207,"Smart sunglasses that can act as VR googles or show limited or small data like heartbeats per minute, weather, text messages and more.",36FFXPMST9VFT3N9IQK9KR5SMDRHOM,unreviewed,A2RUHO7I7Y4XFA,134,ham
3da4f5bb74b64d68a6bd2f8008953b74,cscw19-1-image-label,2019-03-22 22:20:24.271,"Use it on plain decorative pillows so that you can change the pattern on them, or change their color, to match different seasons, holidays, or decor.",36FFXPMST9VFT3N9IQK9KR5SMDRHOM,unreviewed,A2O7V3NTBF9RRE,149,ham
8222a7ba29e74fa48a5585f1b1cbd598,cscw19-1-image-label,2019-03-23 22:44:38.79,I would add a touch display to a bathroom vanity mirror. It would allow me to magnify the mirror to help me see my skin and hair up close when I am grooming.,3L7SUC0TTU1GI0W172YBMVH65WWM0W,unreviewed,A1KTPYX40PRLVW,157,ham
7d882f9962ce4ce6aa2bc8235f76f17b,cscw19-1-imageAndDescription-label,2019-03-23 22:43:24.161,"I would coat each room with it so that wherever I am when I get a good idea for a novel, I could just write it on the wall and save it to my preferred device.",3FTID4TN8L5T9DA1FY85EAW1H4LLYU,unreviewed,A1ING769NXJIHR,158,ham
bf1fe9fc9f0046bfac714d5198f7c375,cscw19-1-image-label,2019-03-23 22:41:39.132,I would add a touch screen to my refrigerator. It would be able to change the temperature of the refrigerator as well as have the ability to write and leave notes (like sticky notes).,3L7SUC0TTU1GI0W172YBMVH65WWM0W,unreviewed,A1KTPYX40PRLVW,183,ham
4d47e4427fd3412e9cbb87bfca3191a0,cscw19-1-image-label,2019-03-22 16:09:24.202,"Apply it to the windshield of a car. It can make it a smart windshield which can include a heads up display that can display relevant information such as google maps, gas level, fuel economy, mph, and more.",36FFXPMST9VFT3N9IQK9KR5SMDRHOM,unreviewed,A2RUHO7I7Y4XFA,206,ham
12328a92f9444cf7895ecc5c15739022,cscw19-1-image-label,2019-03-23 22:47:38.422,Adding a touch screen to a window. This would enable it to darken the window without the use of blinds or curtains. It could also provide protection against sun damage to skin and furniture by filtering out harmful sun rays.,3L7SUC0TTU1GI0W172YBMVH65WWM0W,unreviewed,A1KTPYX40PRLVW,224,ham
59e6c3638b814e9cb47ae49c43d3cfcc,cscw19-1-image-label,2019-03-23 22:51:04.626,"I would add a touch display to doors. It could allow you to lock or unlock the door by using a pattern, fingerprint scanner, or iris scan. It could also include an alarm or notification (as a security measure) if anyone tries and fails to access the door multiple times.",3L7SUC0TTU1GI0W172YBMVH65WWM0W,unreviewed,A1KTPYX40PRLVW,270,ham
ff4c90a75cb048ce93a9c0494ec01f73,cscw19-1-imageAndDescription-label,2019-03-12 16:34:08.282,I would build a microwave that is connected to a refrigeration that would have a touch display that would have a built in menu. The menu would allow you to choose an item that you would like to eat. It would then transfer the item from the refrigerator to the microwave and cook it for you. . ,3P7RGTLO6EKHTPUGESIOWO1FP7EAKV,unreviewed,A2WQT33K6LD9Z5,293,ham
d1840c86eb60449a9b10fdd7047fa19b,cscw19-1-imageAndDescription-label,2019-03-12 16:39:45.932,"I would build a sweater that would have high powered rechargeable batteries in it that are powered by solar power when you are outside. This sweater would have a touch screen user interface on the front portion of the sweater. On the user interface it would display the current temperature, recommended comfort temperature that you can set the sweater to warm up to, and your preset custom temperatures that you like the most. With the touch of a button on the touch screen the sweater would warm you up to the desired temperature and would adjust the temperature based on whatever the ambient temperature is (such as putting out less heat when it detect's that the ambient temperature has risen). ",3P7RGTLO6EKHTPUGESIOWO1FP7EAKV,unreviewed,A2WQT33K6LD9Z5,698,ham
e8c5651d222a495ca91142cf34dc03ef,cscw19-1-imageAndDescription-label,2019-03-12 16:51:17.14,"I would build a keyboard that is completely touch screen based but each letter has it's own unique temperature and airflow associated with it that would make identifying each key without looking at the keyboard very intuitive. There would be a very small fan underneath the touch display of the keyboard and the fan would be vented out into four separate valves that would send airflow to the top left, bottom left, top right, and bottom right of the keyboard. Under each key there would be a different sized hole to accommodate the temperature regulated airflow that comes from the main air flow pipe. Touch screen key's that are more commonly used would have a larger hole underneath them which would be associated with a key that has more air pressure and a slightly warmer temperature compared to the other keys to make identify each key easier. ",3P7RGTLO6EKHTPUGESIOWO1FP7EAKV,unreviewed,A2WQT33K6LD9Z5,850,ham
cd87b00e9d8f42a8a75a18f2321e3a93,cscw19-1-imageAndDescription-label,2019-03-23 10:47:03.465,Use it on chair my office.,39O0SQZVJNELXR9DX9F1N9L3JXT7RX,unreviewed,A2MR1H3PV0EDDR,26,ham
854d247288c24b0299497290a6e70f02,cscw19-1-imageAndDescription-label,2019-03-23 10:45:47.814,Use it on window my house.,39O0SQZVJNELXR9DX9F1N9L3JXT7RX,unreviewed,A2MR1H3PV0EDDR,26,ham
d11b422fdb1044289fc1c2ac270aa400,cscw19-1-imageAndDescription-label,2019-03-23 10:50:24.628,use it tuning table my house,39O0SQZVJNELXR9DX9F1N9L3JXT7RX,unreviewed,A2MR1H3PV0EDDR,28,ham
e0acd37f9eb34ff398c1cdb0a2929324,cscw19-1-imageAndDescription-label,2019-03-23 10:43:29.565,use it on door living the room,39O0SQZVJNELXR9DX9F1N9L3JXT7RX,unreviewed,A2MR1H3PV0EDDR,30,ham
6bd030a18e9343adb846cfa3111ef405,cscw19-1-description-label,2019-03-23 09:33:53.177,Use it on furniture using bed.,3JVP4ZJHDPZUMH6AMN0JU2APON4I04,unreviewed,AUPRMVUM25CSP,30,ham
798897adada64c8c9d466fb52d905ea0,cscw19-1-imageAndDescription-label,2019-03-23 11:04:07.655,Use it on mirror on the table.,39O0SQZVJNELXR9DX9F1N9L3JXT7RX,unreviewed,A2MR1H3PV0EDDR,30,ham
0a41d6da5b3340c6937d818e87d004c7,cscw19-1-imageAndDescription-label,2019-03-23 10:56:49.655, Use it on Divide a large living.,39O0SQZVJNELXR9DX9F1N9L3JXT7RX,unreviewed,A2MR1H3PV0EDDR,33,ham
b206e2932df245908c89dee3b8f97c0d,cscw19-1-imageAndDescription-label,2019-03-23 10:44:54.465,use it on cabin a living the room.,39O0SQZVJNELXR9DX9F1N9L3JXT7RX,unreviewed,A2MR1H3PV0EDDR,34,ham
23082e731ca846ae9a72e61d4e6bd149,cscw19-1-imageAndDescription-label,2019-03-12 16:29:07.407,Entire desktops could be used as a computer display.,3P7RGTLO6EKHTPUGESIOWO1FP7EAKV,unreviewed,A2OVX9UW5WANQE,52,ham
7a694ff300b346c699fd103caa4ba3d2,cscw19-1-imageAndDescription-label,2019-03-23 22:57:22.179," Users can project their desktop onto a flat surface and control it with ... But here's what's really cool: To control it you simply tap on the projected image. ... It could help stores display interactive product information after ... ""By making it possible to turn any surface into a touch screen",3VGZ74AYTGN0KIVV8FT04RZAIZHCG7,unreviewed,A1PT6264PIYFCI,298,spam
f2c2bcc5dc3c4ef7b63323a0293a1858,cscw19-1-imageAndDescription-label,2019-03-13 13:31:47.489,foo,debug,unreviewed,max,3,spam
8b9b143a26394170b0dc40c495ac7d42,cscw19-1-imageAndDescription-label,2019-03-22 16:36:18.575,good,3URJ6VVYUPULHRZE3J0QQ2WOH85O47,unreviewed,A1PC5HFTBIR2QA,4,spam
63f9c93659fe4c1da30862ecb6701d73,cscw19-1-imageAndDescription-label,2019-03-12 16:19:12.91,test,debug,unreviewed,max,4,spam
2102c24008d14b6b9b2a49c3a1da18d3,cscw19-1-description-label,2019-03-19 11:59:29.062,clean,3IJ95K7NDXJJBMSMX52EK2TMH19NGA,unreviewed,A1IBQ7MUUTWLS9,5,spam
aeee9a44ca7743e9844e9489ba5a9d47,cscw19-1-image-label,2019-03-23 23:05:31.933,GREAT,3L7SUC0TTU1GI0W172YBMVH65WWM0W,unreviewed,AMJ9AF7IG3E5T,5,spam
00b553fcc0ca4615a801bdd7da892375,cscw19-1-imageAndDescription-label,2019-03-12 10:59:33.396,Shoes,322ZSN9Z5GR1UJ4MZ0J1X2KYC354T4,unreviewed,A1053TFZ0N36YJ,5,spam
fd7d1429367b47afb158776e90e4e574,cscw19-1-image-label,2019-03-23 22:39:33.089,I LOVE U,3L7SUC0TTU1GI0W172YBMVH65WWM0W,unreviewed,AMJ9AF7IG3E5T,8,spam
40ab1fd90fbf4bddba4f227955fdf7f4,cscw19-1-imageAndDescription-label,2019-03-17 06:38:37.842,hello from,testhit,unreviewed,testworker,10,spam
5e50792400d541a0a358d6234a26c0c7,cscw19-1-imageAndDescription-label,2019-03-16 15:10:25.776,how are you,testhit,unreviewed,testworker,11,spam
c974e4858dc74393a693060b111a5511,cscw19-1-description-label,2019-03-23 11:50:18.017,i like food,3JVP4ZJHDPZUMH6AMN0JU2APON4I04,unreviewed,A3AS3TZQF4X6ZK,11,spam
adb247e9e6a945e1b4330c2299842dbd,cscw19-1-imageAndDescription-label,2019-03-24 02:39:22.606,LIVING ROOM,3FTID4TN8L5T9DA1FY85EAW1H4LLYU,unreviewed,AY8JXIKA2CXM4,11,spam
2957dd1b4083456a9eb61bec3bd7811b,cscw19-1-image-label,2019-03-23 11:18:32.732,i like dress,3ZUE82NE0A8SUF9NGJ7DKK3FRTOF8X,unreviewed,ADX8Y4UXA4IDA,12,spam
18c5693ebd764917847f89bc417514d0,cscw19-1-image-label,2019-03-23 11:15:25.97,i like games,3ZUE82NE0A8SUF9NGJ7DKK3FRTOF8X,unreviewed,ADX8Y4UXA4IDA,12,spam
6795ff11176e453ab826080bfff1bb52,cscw19-1-imageAndDescription-label,2019-03-12 12:55:12.189,paly cricket,testhit,unreviewed,testworker,12,spam
263514acbf274f3fa793d2e0469bbb34,cscw19-1-imageAndDescription-label,2019-03-12 12:49:48.028,some country ,testhit,unreviewed,testworker,13,spam
a336e2b6a37a44aeba86e123fcc5f548,cscw19-1-image-label,2019-03-23 11:16:16.987,i like friends,3ZUE82NE0A8SUF9NGJ7DKK3FRTOF8X,unreviewed,ADX8Y4UXA4IDA,14,spam
7c03fc12bf4049ceb1e056e62dce1e9a,cscw19-1-imageAndDescription-label,2019-03-12 12:20:46.963,flower and shoes,testhit,unreviewed,testworker,16,spam
4c67831b210f4a9e89f176045a9b3d85,cscw19-1-description-label,2019-03-23 11:31:08.183,i like education,3JVP4ZJHDPZUMH6AMN0JU2APON4I04,unreviewed,A3AS3TZQF4X6ZK,16,spam
c114408cefed4b01859b5faeca489b7a,cscw19-1-imageAndDescription-label,2019-03-21 11:08:14.571,create the drama.,37Y5RYYI0PCRDLFHUBJ47I3N7RISXQ,unreviewed,A3P9BLJVSMDRBZ,17,spam
8d6e1cd5a33448c6b7d3932b8a8c44fe,cscw19-1-description-label,2019-03-23 11:33:16.849,i like my husband,3JVP4ZJHDPZUMH6AMN0JU2APON4I04,unreviewed,A3AS3TZQF4X6ZK,17,spam
59009ab438c140c2a8d0bd7c4acec1b6,cscw19-1-imageAndDescription-label,2019-03-19 10:34:02.682,IT IS SO USEFULL ,3IJ95K7NDXJJBMSMX52EK2TMH19NGA,unreviewed,ABI7LAZ5192UL,17,spam
1e4da860da1e4fb6a1721278427d1941,cscw19-1-imageAndDescription-label,2019-03-12 12:28:16.171,some type of talk,testhit,unreviewed,testworker,17,spam
5c613c6824f24e4598a62905c9b20258,cscw19-1-image-label,2019-03-23 22:40:43.321,GREAT IDEA TO HELP,3L7SUC0TTU1GI0W172YBMVH65WWM0W,unreviewed,AMJ9AF7IG3E5T,18,spam
404f62c4997e428c9529c7e04b5753e9,cscw19-1-imageAndDescription-label,2019-03-23 09:53:55.081,make a box as a car,39O0SQZVJNELXR9DX9F1N9L3JXT7RX,unreviewed,A2IQ7D8VNHWVN3,19,spam
4fef898682c947b1852b16e969e2acd4,cscw19-1-imageAndDescription-label,2019-03-12 12:45:43.511,Some talk about tea,testhit,unreviewed,testworker,19,spam
105e4dd340854b4c9305520650f8ae00,cscw19-1-image-label,2019-03-23 22:40:10.236,TO BE A GOOD PERSON,3L7SUC0TTU1GI0W172YBMVH65WWM0W,unreviewed,AMJ9AF7IG3E5T,19,spam
d1912a535ea34b74948cc36060735444,cscw19-1-description-label,2019-03-23 11:33:58.231,my work is very hard,3JVP4ZJHDPZUMH6AMN0JU2APON4I04,unreviewed,A3AS3TZQF4X6ZK,20,spam
674ac0cb4d4c4f7fbaf34c782f25f690,cscw19-1-image-label,2019-03-23 11:12:35.751,TV is very important,3ZUE82NE0A8SUF9NGJ7DKK3FRTOF8X,unreviewed,ADX8Y4UXA4IDA,20,spam
434f87622d3f4f1697c8fd2d18c43c28,cscw19-1-imageAndDescription-label,2019-03-21 11:09:36.231,create the love song.,37Y5RYYI0PCRDLFHUBJ47I3N7RISXQ,unreviewed,A3P9BLJVSMDRBZ,21,spam
236878e4a5b44481a9ef5bc96ab65b9f,cscw19-1-description-label,2019-03-23 11:32:36.766,my family is very poor,3JVP4ZJHDPZUMH6AMN0JU2APON4I04,unreviewed,A3AS3TZQF4X6ZK,22,spam
a49cd5daf2bc493aa4d88d8fe9d0b296,cscw19-1-imageAndDescription-label,2019-03-21 11:08:39.428,create the comedy film.,37Y5RYYI0PCRDLFHUBJ47I3N7RISXQ,unreviewed,A3P9BLJVSMDRBZ,23,spam
4b5c0197129e4addb82933072c4aa7ea,cscw19-1-imageAndDescription-label,2019-03-21 11:07:49.916,creative the rock song.,37Y5RYYI0PCRDLFHUBJ47I3N7RISXQ,unreviewed,A3P9BLJVSMDRBZ,23,spam
0c069d4053294b398e85b55df1bdae34,cscw19-1-imageAndDescription-label,2019-03-21 11:09:15.834,create the couples song.,37Y5RYYI0PCRDLFHUBJ47I3N7RISXQ,unreviewed,A3P9BLJVSMDRBZ,24,spam
667840ca45ce4c33850bf80fb2011281,cscw19-1-imageAndDescription-label,2019-03-21 10:54:07.791,creative the album song. ,37Y5RYYI0PCRDLFHUBJ47I3N7RISXQ,unreviewed,A3P9BLJVSMDRBZ,25,spam
405bb5f3c0994f45962ffafdab5662ec,cscw19-1-imageAndDescription-label,2019-03-21 11:05:59.726,creative the fight movie.,37Y5RYYI0PCRDLFHUBJ47I3N7RISXQ,unreviewed,A3P9BLJVSMDRBZ,25,spam
90ffb278dd374b78a561411f00aee2a0,cscw19-1-image-label,2019-03-23 11:01:50.931,i like food it is healthy,3ZUE82NE0A8SUF9NGJ7DKK3FRTOF8X,unreviewed,ADX8Y4UXA4IDA,25,spam
bac15ca2ec9b4884a15ff96086e3f8ec,cscw19-1-imageAndDescription-label,2019-03-21 11:10:48.57,create the sentiment movie.,37Y5RYYI0PCRDLFHUBJ47I3N7RISXQ,unreviewed,A3P9BLJVSMDRBZ,27,spam
f6cbcd0184774b3ebc5fc21e44fab3d7,cscw19-1-imageAndDescription-label,2019-03-12 12:18:57.591,this is an idea about plant,testhit,unreviewed,testworker,27,spam
d15d5c5364f84e21a95b688027271ef2,cscw19-1-imageAndDescription-label,2019-03-21 11:10:08.914,create the mother love song.,37Y5RYYI0PCRDLFHUBJ47I3N7RISXQ,unreviewed,A3P9BLJVSMDRBZ,28,spam
5dd65d90d5c24684802f2a99fde86835,cscw19-1-imageAndDescription-label,2019-03-21 11:04:07.542,creative the art collection.,37Y5RYYI0PCRDLFHUBJ47I3N7RISXQ,unreviewed,A3P9BLJVSMDRBZ,28,spam
2350d4c8f4974d97b1c840870b627f76,cscw19-1-imageAndDescription-label,2019-03-21 11:06:58.932,creative the new album song.,37Y5RYYI0PCRDLFHUBJ47I3N7RISXQ,unreviewed,A3P9BLJVSMDRBZ,28,spam
25a67ed6c37f4d42bcd669804b5216ba,cscw19-1-imageAndDescription-label,2019-03-23 10:07:17.824,tare a cloth to catch a fish,39O0SQZVJNELXR9DX9F1N9L3JXT7RX,unreviewed,A2IQ7D8VNHWVN3,28,spam
af8e2e43f81341b7b21dfbbbd5de7e33,cscw19-1-imageAndDescription-label,2019-03-14 09:08:20.293,This is an idea about plants,debug,unreviewed,max,28,spam
5e0f6085ce3e4aa1a375815c8cd6e89e,cscw19-1-imageAndDescription-label,2019-03-17 10:32:54.167,Challenge Challenge Challenge,testhit,unreviewed,testworker,29,spam
18670d75c9864ab689f40183373c5d80,cscw19-1-imageAndDescription-label,2019-03-21 10:58:45.592,creative an movie collection.,37Y5RYYI0PCRDLFHUBJ47I3N7RISXQ,unreviewed,A3P9BLJVSMDRBZ,29,spam
931a25a6ef1d43dc848d811292dad18c,cscw19-1-image-label,2019-03-23 22:39:04.583,MY IDEA IS TO UNIQUE OUR SELF,3L7SUC0TTU1GI0W172YBMVH65WWM0W,unreviewed,AMJ9AF7IG3E5T,29,spam
69b9f6e970cc4ae784364e0f52e00693,cscw19-1-imageAndDescription-label,2019-03-23 10:55:14.088,use it on flower on the table,39O0SQZVJNELXR9DX9F1N9L3JXT7RX,unreviewed,A2MR1H3PV0EDDR,29,spam
a57daf690a50462f9520eed7977ac9fc,cscw19-1-description-label,2019-03-19 11:39:49.191,Using less temperature product,3IJ95K7NDXJJBMSMX52EK2TMH19NGA,unreviewed,A2MCHM4AYLASQO,30,spam
cd6a316054914cbdb0e0462da68cc6b6,cscw19-1-imageAndDescription-label,2019-03-21 11:11:15.101,create the relationships movie.,37Y5RYYI0PCRDLFHUBJ47I3N7RISXQ,unreviewed,A3P9BLJVSMDRBZ,31,spam
43ff820db8da44dab8bf2a861e14a84b,cscw19-1-image-label,2019-03-23 11:01:19.111,i like mobile it is very useful,3ZUE82NE0A8SUF9NGJ7DKK3FRTOF8X,unreviewed,ADX8Y4UXA4IDA,31,spam
9faae2ab0a024f68a00800e7774234bc,cscw19-1-imageAndDescription-label,2019-03-12 14:02:03.59,Idea about growing teres garden,3NFWQRSHVEL7NUF5ZHJ1CXKDF66GF7,unreviewed,A3UZIW8HF28L9E,31,spam
0093f0413b1f4d64b3bd7dd050f73ed8,cscw19-1-image-label,2019-03-23 09:35:07.654,THE SYSTEM IS MUST IN THE WORLD,3ZUE82NE0A8SUF9NGJ7DKK3FRTOF8X,unreviewed,A2FCT2TWW60S1S,31,spam
5b46f627bee64cfc831f9224cb9f0195,cscw19-1-description-label,2019-03-23 11:32:07.222,Vijayanagar is most powerful god,3JVP4ZJHDPZUMH6AMN0JU2APON4I04,unreviewed,A3AS3TZQF4X6ZK,32,spam
c5f475db1e524d7d954646929d50e62e,cscw19-1-image-label,2019-03-23 11:14:43.169,i like movie  watching in theater,3ZUE82NE0A8SUF9NGJ7DKK3FRTOF8X,unreviewed,ADX8Y4UXA4IDA,33,spam
92adf688e9fa496a97e23e41f86eaa71,cscw19-1-image-label,2019-03-23 23:05:11.846,MY IDEA IS TO FINISH ALL THE WORK,3L7SUC0TTU1GI0W172YBMVH65WWM0W,unreviewed,AMJ9AF7IG3E5T,33,spam
a984936df70d414c9beb3f84b6c13aa9,cscw19-1-imageAndDescription-label,2019-03-23 09:39:01.571,use a color ribbon for decoration,39O0SQZVJNELXR9DX9F1N9L3JXT7RX,unreviewed,A2IQ7D8VNHWVN3,33,spam
ed72f5330cfb401b8f504a444a766814,cscw19-1-imageAndDescription-label,2019-03-21 11:00:16.619,creative the folk song collection.,37Y5RYYI0PCRDLFHUBJ47I3N7RISXQ,unreviewed,A3P9BLJVSMDRBZ,34,spam
af5f0ebf0755473cb72780f1f3477fab,cscw19-1-imageAndDescription-label,2019-03-23 09:35:52.423,cut a bottle to make it as a stand,39O0SQZVJNELXR9DX9F1N9L3JXT7RX,unreviewed,A2IQ7D8VNHWVN3,34,spam
1400cef473244211b58d1e956fd4b07c,cscw19-1-imageAndDescription-label,2019-03-21 10:53:09.759,create the book an used the method.,37Y5RYYI0PCRDLFHUBJ47I3N7RISXQ,unreviewed,A3P9BLJVSMDRBZ,35,spam
49dd49c21a1740d78af3d3e1a451d0fe,cscw19-1-imageAndDescription-label,2019-03-23 09:41:52.299,make phone cover using colour paper,39O0SQZVJNELXR9DX9F1N9L3JXT7RX,unreviewed,A2IQ7D8VNHWVN3,35,spam
21353edfc8a943a7a04b090ae7ac0e87,cscw19-1-image-label,2019-03-23 22:38:25.405,MY IDEA IS TO FINISH THE WORK FIRST,3L7SUC0TTU1GI0W172YBMVH65WWM0W,unreviewed,AMJ9AF7IG3E5T,35,spam
1acedbc795b5479ca75fe7c9b19f4b89,cscw19-1-image-label,2019-03-23 09:34:10.307,THE COOL PRODUCT IS GOOD FOR HEALTH,3ZUE82NE0A8SUF9NGJ7DKK3FRTOF8X,unreviewed,A2FCT2TWW60S1S,35,spam
a228dc9f59df45b98d469c718fd465af,cscw19-1-imageAndDescription-label,2019-03-21 11:03:29.378,creative the horror film collection.,37Y5RYYI0PCRDLFHUBJ47I3N7RISXQ,unreviewed,A3P9BLJVSMDRBZ,36,spam
24bca9119f4647239b084fd2e0f19105,cscw19-1-imageAndDescription-label,2019-03-21 10:59:39.429,creative the melody song collection.,37Y5RYYI0PCRDLFHUBJ47I3N7RISXQ,unreviewed,A3P9BLJVSMDRBZ,36,spam
18666bcaa5724a6dbfaa85f63e754662,cscw19-1-imageAndDescription-label,2019-03-21 11:01:17.07,creative the hip pop song collection.,37Y5RYYI0PCRDLFHUBJ47I3N7RISXQ,unreviewed,A3P9BLJVSMDRBZ,37,spam
36d631660f564eeda7939a0df8e5ce0f,cscw19-1-image-label,2019-03-23 09:38:27.755,THE DISPLAY IS IMPORTANT IN THE PHONE,3ZUE82NE0A8SUF9NGJ7DKK3FRTOF8X,unreviewed,A2FCT2TWW60S1S,37,spam
6f19895cd3444f6a901abebb823677fb,cscw19-1-image-label,2019-03-23 23:10:10.994,TO BUILD A COMPANY AND MAKE A PROJECT,3L7SUC0TTU1GI0W172YBMVH65WWM0W,unreviewed,AMJ9AF7IG3E5T,37,spam
d0f0dcffd6424419b38651a07cbdf34b,cscw19-1-imageAndDescription-label,2019-03-21 11:02:39.353,creative an romantic movie collection.,37Y5RYYI0PCRDLFHUBJ47I3N7RISXQ,unreviewed,A3P9BLJVSMDRBZ,38,spam
d8cab41a48e044c9816f25a81cde162b,cscw19-1-imageAndDescription-label,2019-03-21 11:05:15.469,creative the romantic song collection.,37Y5RYYI0PCRDLFHUBJ47I3N7RISXQ,unreviewed,A3P9BLJVSMDRBZ,38,spam
8ae759bdba5944f7a3b4e45e5ac9b022,cscw19-1-imageAndDescription-label,2019-03-19 10:41:22.637,THE SYSTEM AND TECHNOLOGY HAVE IMPROVRD,3IJ95K7NDXJJBMSMX52EK2TMH19NGA,unreviewed,ABI7LAZ5192UL,39,spam
75c732df49fa449ab01c7dbb95d5a54a,cscw19-1-imageAndDescription-label,2019-03-23 09:40:50.11,built a house with your old repaired bus,39O0SQZVJNELXR9DX9F1N9L3JXT7RX,unreviewed,A2IQ7D8VNHWVN3,40,spam
629bded6b5424d56993aef660fd20558,cscw19-1-description-label,2019-03-19 11:42:43.482,Using coating product was less expensive,3IJ95K7NDXJJBMSMX52EK2TMH19NGA,unreviewed,A2MCHM4AYLASQO,40,spam
f10c0dceebc8442d871eb427c143ec82,cscw19-1-imageAndDescription-label,2019-03-19 10:35:50.848,IT IS A MEDICAL TERM THAT NEED MOST TODAY,3IJ95K7NDXJJBMSMX52EK2TMH19NGA,unreviewed,ABI7LAZ5192UL,41,spam
b52fdc6a2fe845d2bcded4f054e7da41,cscw19-1-imageAndDescription-label,2019-03-23 09:52:44.928,we need to improve to our health services,39O0SQZVJNELXR9DX9F1N9L3JXT7RX,unreviewed,A3L2UXYEVOU5UI,41,spam
94452a302d434677a9bf41c009722613,cscw19-1-imageAndDescription-label,2019-03-12 13:54:58.035,I have a new idea about digital advertising,3NFWQRSHVEL7NUF5ZHJ1CXKDF66GF7,unreviewed,A3UZIW8HF28L9E,43,spam
92f8fdce9f224d7d943c56579b8282d4,cscw19-1-image-label,2019-03-23 22:47:39.29,IDEA THAT WE SHOULD DO THE PROJECT CORRECTLY,3L7SUC0TTU1GI0W172YBMVH65WWM0W,unreviewed,AMJ9AF7IG3E5T,44,spam
e2d5a90b8eac47369b531aba5c4143a7,cscw19-1-image-label,2019-03-23 09:36:18.485,THE SERVICE IS VERY VERY IMPORANT IN THE JOB,3ZUE82NE0A8SUF9NGJ7DKK3FRTOF8X,unreviewed,A2FCT2TWW60S1S,44,spam
6c53b40f09064e60b16c8bf37d837869,cscw19-1-imageAndDescription-label,2019-03-23 09:29:02.138,brain strom disease have been increased today,39O0SQZVJNELXR9DX9F1N9L3JXT7RX,unreviewed,ABI7LAZ5192UL,45,spam
6f58a723f33b4850adee1c66a489ddd8,cscw19-1-image-label,2019-03-23 09:46:17.978,I AM HAPPY TO SHARE MY FEELINGS AND THANK YOU,3ZUE82NE0A8SUF9NGJ7DKK3FRTOF8X,unreviewed,A2FCT2TWW60S1S,45,spam
fc3a7742add44a3b8cb180b7b5adb892,cscw19-1-image-label,2019-03-23 11:02:31.571,the education is more important from this world,3ZUE82NE0A8SUF9NGJ7DKK3FRTOF8X,unreviewed,ADX8Y4UXA4IDA,47,spam
cadc1886a7344fa9a7777e31fa8d1d4c,cscw19-1-image-label,2019-03-23 09:37:29.173,THE NEW TECHNOLOGY IS  IMPROVED TO THE KNOWLEDGE,3ZUE82NE0A8SUF9NGJ7DKK3FRTOF8X,unreviewed,A2FCT2TWW60S1S,48,spam
50a29f16d24343c480944647da2a1d5c,cscw19-1-imageAndDescription-label,2019-03-23 09:51:05.31,we need to improve our system qualities for future,39O0SQZVJNELXR9DX9F1N9L3JXT7RX,unreviewed,A3L2UXYEVOU5UI,50,spam
667e0b90c97a49bcacee5a5cafb4940a,cscw19-1-imageAndDescription-label,2019-03-21 12:21:38.716,food idea brainstorm idea products system gadgets. ,37Y5RYYI0PCRDLFHUBJ47I3N7RISXQ,unreviewed,AG5HAUJJV4OCY,51,spam
d2d545fb1978460c88f4e08ab7124c60,cscw19-1-imageAndDescription-label,2019-03-23 09:49:48.652,now a days gadgets lot important in our people life,39O0SQZVJNELXR9DX9F1N9L3JXT7RX,unreviewed,A3L2UXYEVOU5UI,51,spam
1e3acb5457014fc285875192e63dba26,cscw19-1-imageAndDescription-label,2019-03-21 10:57:40.669,creative the short film and every one should view it.,37Y5RYYI0PCRDLFHUBJ47I3N7RISXQ,unreviewed,A3P9BLJVSMDRBZ,53,spam
218f43a86fcf4e4b99843b9b2019b985,cscw19-1-imageAndDescription-label,2019-03-23 09:33:22.663,an different antibotics have to describe for the disease,39O0SQZVJNELXR9DX9F1N9L3JXT7RX,unreviewed,ABI7LAZ5192UL,56,spam
1c571c437f344bc58e1e42cac07c7f41,cscw19-1-imageAndDescription-label,2019-03-21 12:12:37.72,books is very important many knowledge to the art image.,37Y5RYYI0PCRDLFHUBJ47I3N7RISXQ,unreviewed,AG5HAUJJV4OCY,56,spam
8e6bb4735ce8418cb0cadea95855ac02,cscw19-1-imageAndDescription-label,2019-03-23 09:46:43.532,brain storm people need to more awareness  about disease ,39O0SQZVJNELXR9DX9F1N9L3JXT7RX,unreviewed,A3L2UXYEVOU5UI,57,spam
50a62eab476c4d9aa6687678a260d7b2,cscw19-1-description-label,2019-03-19 11:58:52.443,clean the display regularly then it will works flawlessly ,3IJ95K7NDXJJBMSMX52EK2TMH19NGA,unreviewed,A1IBQ7MUUTWLS9,58,spam
ee00ad09c91a4a2ab8afd196b76e1865,cscw19-1-imageAndDescription-label,2019-03-21 12:09:12.481,book is important to all.so many knowledge have in the ways. ,37Y5RYYI0PCRDLFHUBJ47I3N7RISXQ,unreviewed,AG5HAUJJV4OCY,61,spam
bc3cf60c0b074f4c977eff3372f98ceb,cscw19-1-imageAndDescription-label,2019-03-23 09:43:28.796,we need to  improve services hospital for  brainstorm people ,39O0SQZVJNELXR9DX9F1N9L3JXT7RX,unreviewed,A3L2UXYEVOU5UI,61,spam
a531470846fa428da9d42ccd9a9ccc65,cscw19-1-imageAndDescription-label,2019-03-23 09:36:52.197,a main think is that to reduce a number of person affected by it,39O0SQZVJNELXR9DX9F1N9L3JXT7RX,unreviewed,ABI7LAZ5192UL,64,spam
1ad013f2780f4ac7bb4a27b3aefa5e49,cscw19-1-imageAndDescription-label,2019-03-21 12:14:58.289,fashion designer important also same as many design set this page.,37Y5RYYI0PCRDLFHUBJ47I3N7RISXQ,unreviewed,AG5HAUJJV4OCY,66,spam
8585e82a766b43d6a7e3a9b7dc45051b,cscw19-1-imageAndDescription-label,2019-03-21 12:22:58.568,vegetables on the sequence to the products system service to the pages. ,37Y5RYYI0PCRDLFHUBJ47I3N7RISXQ,unreviewed,AG5HAUJJV4OCY,72,spam
d54110268ac1478bb352f8848f6fda6b,cscw19-1-imageAndDescription-label,2019-03-23 09:41:38.705,we need to improve the gadgets in upper level class in all our countries,39O0SQZVJNELXR9DX9F1N9L3JXT7RX,unreviewed,A3L2UXYEVOU5UI,72,spam
c4b5312a13de47c88d3038f64d567bb2,cscw19-1-imageAndDescription-label,2019-03-21 12:19:05.094,Brainstorm cool products gadgets ideas available products gadgets process.,37Y5RYYI0PCRDLFHUBJ47I3N7RISXQ,unreviewed,AG5HAUJJV4OCY,74,spam
4cfe6d28c5e540dfa1ef29c22045fb90,cscw19-1-imageAndDescription-label,2019-03-23 09:32:31.046,the new ways or treatment to avoid brainstrom have to  develop in technology,39O0SQZVJNELXR9DX9F1N9L3JXT7RX,unreviewed,ABI7LAZ5192UL,76,spam
04dc166334e3457ba5204d197a8631dd,cscw19-1-imageAndDescription-label,2019-03-21 12:20:24.41,innovation idea  on the sequence on the  chocolate products on the sequences.,37Y5RYYI0PCRDLFHUBJ47I3N7RISXQ,unreviewed,AG5HAUJJV4OCY,77,spam
eb7843ff049f470ab214da847068c5ce,cscw19-1-imageAndDescription-label,2019-03-19 10:38:37.049,THE BRAIN STORM IS AVERY DANGEROUS DISEASE THAT WERE AFFECTED BY MANY PEOPLE ,3IJ95K7NDXJJBMSMX52EK2TMH19NGA,unreviewed,ABI7LAZ5192UL,77,spam
65b4955a080e4af693dcfda61d806bd7,cscw19-1-imageAndDescription-label,2019-03-21 12:16:07.1,biscuit is very clean and health prepared on the products healthy food available.,37Y5RYYI0PCRDLFHUBJ47I3N7RISXQ,unreviewed,AG5HAUJJV4OCY,81,spam
4302bfe2d6294c3ea3ea6b9782055f67,cscw19-1-imageAndDescription-label,2019-03-21 12:14:10.924,food is important to all. food picture is available part on the idea.graphic image.,37Y5RYYI0PCRDLFHUBJ47I3N7RISXQ,unreviewed,AG5HAUJJV4OCY,83,spam
c1cd18efb3bd45b4b8493a5da19809c4,cscw19-1-imageAndDescription-label,2019-03-21 12:10:47.775,movies created in director on the process.many information gathered in nice images.,37Y5RYYI0PCRDLFHUBJ47I3N7RISXQ,unreviewed,AG5HAUJJV4OCY,83,spam
c497d9b29fcd4bdfb8aa948deeedca91,cscw19-1-image-label,2019-03-23 09:40:02.653,THE BUILDING IS VERY VERY MUST AND TO MAKE THE GOOD QUALITY PRODUCT AND THIS IS MUST,3ZUE82NE0A8SUF9NGJ7DKK3FRTOF8X,unreviewed,A2FCT2TWW60S1S,84,spam
f3644efdbe7b4e9faac7925644a74ab2,cscw19-1-imageAndDescription-label,2019-03-23 09:39:27.532,we can also introduce some of the healthy and taste juice for increase the product  quality,39O0SQZVJNELXR9DX9F1N9L3JXT7RX,unreviewed,ABI7LAZ5192UL,91,spam
3180436eab8f47f8b49508c1e930a33a,cscw19-1-imageAndDescription-label,2019-03-23 09:48:50.162,brainstorm is very bad thing for patients we need ti improve lot things in our medical services,39O0SQZVJNELXR9DX9F1N9L3JXT7RX,unreviewed,A3L2UXYEVOU5UI,95,spam
ca872c4b8f3b47f995c9907f6befac79,cscw19-1-image-label,2019-03-23 09:43:09.996,THE  KNOWLEDGE IS VERY VERY IMPORTANT IN THE PEOPLE AND THIS IS VERY VERY USEFUL TO LEARN THE LIFE,3ZUE82NE0A8SUF9NGJ7DKK3FRTOF8X,unreviewed,A2FCT2TWW60S1S,98,spam
f036e700529e4a47a842bc746b99c468,cscw19-1-imageAndDescription-label,2019-03-23 09:46:54.932, taking a ventilation process for step of brain strom should be avoid and take a other type of usage behalf that,39O0SQZVJNELXR9DX9F1N9L3JXT7RX,unreviewed,ABI7LAZ5192UL,112,spam
4e3157c1e4ab4b65bba6b59ef031157c,cscw19-1-image-label,2019-03-23 11:00:37.247,i like computer it is very useful and it is more important from this world and in the system is very very important,3ZUE82NE0A8SUF9NGJ7DKK3FRTOF8X,unreviewed,ADX8Y4UXA4IDA,115,spam
76a58d97462b413ebec06b0da9f81ce7,cscw19-1-description-label,2019-03-23 10:53:25.512,Drawing is a form of visual art in which a person uses various drawing instruments to mark paper or another two-dimensional medium.,3JVP4ZJHDPZUMH6AMN0JU2APON4I04,unreviewed,A3HKX6MMLYJPWX,131,spam
dac712652f0045f6ad174e138aa6978d,cscw19-1-imageAndDescription-label,2019-03-23 10:44:28.717,"a written or printed work consisting of pages glued or sewn together along one side and bound in covers, a bound set of blank sheet.",3JVP4ZJHDPZUMH6AMN0JU2APON4I04,unreviewed,AHDY3BLTTUYFG,132,spam
1cf10a5a2aaa4879861358184fe3c4d3,cscw19-1-description-label,2019-03-23 10:57:21.633,A hospital is a health care institution providing patient treatment with specialized medical and nursing staff and medical equipment.,3JVP4ZJHDPZUMH6AMN0JU2APON4I04,unreviewed,A3HKX6MMLYJPWX,133,spam
bbacdbfed5aa4475b3cd04e809db73d2,cscw19-1-imageAndDescription-label,2019-03-23 10:58:36.342,"The sea, the world ocean or simply the ocean is the connected body of salty water that covers over 70 percent of the Earth's surface.",3JVP4ZJHDPZUMH6AMN0JU2APON4I04,unreviewed,AHDY3BLTTUYFG,133,spam
1901b1a2a0164494be346e408cd338bc,cscw19-1-description-label,2019-03-23 10:54:06.051,"A building, or edifice, is a structure with a roof and walls standing more or less permanently in one place, such as a house or factory.",3JVP4ZJHDPZUMH6AMN0JU2APON4I04,unreviewed,A3HKX6MMLYJPWX,136,spam
ade7ae3d4a0d4a279d1aa061640687d8,cscw19-1-image-label,2019-03-23 10:40:16.35,"The domestic dog is a member of the genus Canis, which forms part of the wolf-like canids, and is the most widely abundant terrestrial carnivore.",3ZUE82NE0A8SUF9NGJ7DKK3FRTOF8X,unreviewed,ALBWW1QT4IPU2,145,spam
ca76d82746c442cd996096738931f32a,cscw19-1-description-label,2019-03-23 10:38:18.518,"The domestic dog is a member of the genus Canis, which forms part of the wolf-like canids, and is the most widely abundant terrestrial carnivore.",3JVP4ZJHDPZUMH6AMN0JU2APON4I04,unreviewed,A3HKX6MMLYJPWX,145,spam
7c4e4acdbe57449f8de6bd192e70e921,cscw19-1-image-label,2019-03-23 10:12:51.945,"The domestic dog is a member of the genus Canis, which forms part of the wolf-like canids, and is the most widely abundant terrestrial carnivore. ",3ZUE82NE0A8SUF9NGJ7DKK3FRTOF8X,unreviewed,AXHFWTX0LTTOP,146,spam
d0b33af15a7043acaf09dbf0f86d5cf6,cscw19-1-description-label,2019-03-23 22:55:51.534,"In nearly every field one can imagine, and some that are just emerging, the importance of design has never been greater. In all areas of manu- facturing,.",3W5PY7V3UPENENM1CDWSYVJ9DFGJYQ,unreviewed,APHQB0WGRUJTB,154,spam
e3ad5af46fed4204af4c51d6023c3df3,cscw19-1-description-label,2019-03-23 10:46:46.116,"Home appliances, also known as domestic appliances, are electrical machines which helps in household functions, such as cooking, cleaning or food preservation. ",3JVP4ZJHDPZUMH6AMN0JU2APON4I04,unreviewed,A2P2SUJ6F18W1B,160,spam
831a01f2d22d4578906efa5f2e984183,cscw19-1-image-label,2019-03-23 09:55:32.939,Plastic is material consisting of any of a wide range of synthetic or semi-synthetic organic compounds that are malleable and so can be molded into solid objects.,3ZUE82NE0A8SUF9NGJ7DKK3FRTOF8X,unreviewed,A3QMED18F7JJWE,162,spam
dddc7029dc6d441fb7abeb9eedbcf038,cscw19-1-description-label,2019-03-23 22:51:44.575,All other products and services may be trademarks of their respective owners. ..... how to use the lab investigations in your AP Biology Course. The revised AP ...,3W5PY7V3UPENENM1CDWSYVJ9DFGJYQ,unreviewed,APHQB0WGRUJTB,163,spam
d8e696e191db4bc0a3082189b641a5d9,cscw19-1-image-label,2019-03-23 10:47:17.225,"Copying is the duplication of information or an artifact based on an instance of that information or artifact, and not using the process that originally generated it. ",3ZUE82NE0A8SUF9NGJ7DKK3FRTOF8X,unreviewed,ALBWW1QT4IPU2,167,spam
e0ff3d85fade4888860d1ec5a5098fd8,cscw19-1-image-label,2019-03-23 09:53:27.791,"In botany, a fruit is the seed-bearing structure in flowering plants formed from the ovary after flowering. Fruits are the means by which angiosperms disseminate seeds.",3ZUE82NE0A8SUF9NGJ7DKK3FRTOF8X,unreviewed,A3QMED18F7JJWE,168,spam
f86eb3fed4bc4e4ba92d444b98c4eebe,cscw19-1-image-label,2019-03-23 09:57:43.331,"A recipe is a set of instructions that describes how to prepare or make something, especially a culinary dish. It is also used in medicine or in information technology. ",3ZUE82NE0A8SUF9NGJ7DKK3FRTOF8X,unreviewed,A3QMED18F7JJWE,169,spam
9e9bf308b97943ae98ac21bd2f25b4c9,cscw19-1-image-label,2019-03-23 09:33:11.745,THE THOUGHT IS VERY VERY GOOD AND I APPRECIATE IT THIS IS VERY NEW AND THIS  IS BEST NO COMPLAINTS THE IDEA IS IMPROVED TO THE QUALITY AND THE QUALITY IS VERY VERY IMPORTANT,3ZUE82NE0A8SUF9NGJ7DKK3FRTOF8X,unreviewed,A2FCT2TWW60S1S,173,spam
5b4f78521fd74827b432b7e31edbe8df,cscw19-1-description-label,2019-03-23 11:00:09.741,A house is a building that functions as a home. They can range from simple dwellings such as rudimentary huts of nomadic tribes and the improvised shacks in shantytowns to complex.,3JVP4ZJHDPZUMH6AMN0JU2APON4I04,unreviewed,A2P2SUJ6F18W1B,180,spam
8ff8d04ab10e465e9654060fc8977f49,cscw19-1-description-label,2019-03-23 10:52:22.711,Shopping is an activity in which a customer browses the available goods or services presented by one or more retailers with the potential intent to purchase a suitable selection of them. ,3JVP4ZJHDPZUMH6AMN0JU2APON4I04,unreviewed,A2P2SUJ6F18W1B,187,spam
1f386442e02c4cdabb8b74ae02f2395b,cscw19-1-image-label,2019-03-23 10:41:59.787,The cat is a small carnivorous mammal. It is the only domesticated species in the family Felidae and often referred to as the domestic cat to distinguish it from wild members of the family. ,3ZUE82NE0A8SUF9NGJ7DKK3FRTOF8X,unreviewed,ALBWW1QT4IPU2,190,spam
6cbf8d9d3fe147fd8c2521134a0da6f5,cscw19-1-imageAndDescription-label,2019-03-24 01:18:00.714,"Create a work environment you feel good in. And that includes investing in professional office equipment and furniture. Experience, training or licensing may be needed for started a new company ",3VGZ74AYTGN0KIVV8FT04RZAIZHCG7,unreviewed,A1EY3YKOC2DVBU,194,spam
923420fe3f654485bc9e1c7764f34353,cscw19-1-image-label,2019-03-23 09:36:14.536,"Held captive for years in an enclosed space, a woman (Brie Larson) and her young son (Jacob Tremblay) finally gain their freedom, allowing the boy to experience the outside world for the first time.",3ZUE82NE0A8SUF9NGJ7DKK3FRTOF8X,unreviewed,A3QMED18F7JJWE,198,spam
343920d1b0d749319e14bcec72c4eaa1,cscw19-1-description-label,2019-03-23 10:49:28.063,"Nature is a British multidisciplinary scientific journal, first published on 4 November 1869. It is one of the most recognizable scientific journals in the world, and was ranked the world's most cited",3JVP4ZJHDPZUMH6AMN0JU2APON4I04,unreviewed,A1IV1O890FN1QA,200,spam
70fb2459a3f043a18b7e761358b58412,cscw19-1-description-label,2019-03-23 10:52:16.592,"Nature is a British multidisciplinary scientific journal, first published on 4 November 1869. It is one of the most recognizable scientific journals in the world, and was ranked the world's most cited",3JVP4ZJHDPZUMH6AMN0JU2APON4I04,unreviewed,A3AGF9EJPNNZH5,200,spam
eab376d74c4448e09b84b8c4d48e7a89,cscw19-1-imageAndDescription-label,2019-03-23 10:50:13.398,"Nature is a British multidisciplinary scientific journal, first published on 4 November 1869. It is one of the most recognizable scientific journals in the world, and was ranked the world's most cited",3JVP4ZJHDPZUMH6AMN0JU2APON4I04,unreviewed,AHDY3BLTTUYFG,200,spam
0b36b9c28cf141c7ad49b2f3e92b5bd3,cscw19-1-description-label,2019-03-23 10:50:55.265,"Cosmetics are substances or products used to enhance or alter the appearance of the face or fragrance and texture of the body. Many cosmetics are designed for use of applying to the face, hair, and body.",3JVP4ZJHDPZUMH6AMN0JU2APON4I04,unreviewed,A1IV1O890FN1QA,203,spam
15ae07b95f9d4059873c7cc2f0eeb4b1,cscw19-1-image-label,2019-03-23 10:32:07.392,"Cosmetics are substances or products used to enhance or alter the appearance of the face or fragrance and texture of the body. Many cosmetics are designed for use of applying to the face, hair, and body.",3ZUE82NE0A8SUF9NGJ7DKK3FRTOF8X,unreviewed,AXHFWTX0LTTOP,203,spam
2484ca02c8e04d5cb1d7da7d978a6b19,cscw19-1-image-label,2019-03-23 10:49:09.888,"Cosmetics are substances or products used to enhance or alter the appearance of the face or fragrance and texture of the body. Many cosmetics are designed for use of applying to the face, hair, and body.",3ZUE82NE0A8SUF9NGJ7DKK3FRTOF8X,unreviewed,ALBWW1QT4IPU2,203,spam
711b222fd57e44a2a66937317e5053ea,cscw19-1-imageAndDescription-label,2019-03-23 10:49:18.759,"Cosmetics are substances or products used to enhance or alter the appearance of the face or fragrance and texture of the body. Many cosmetics are designed for use of applying to the face, hair, and body.",3JVP4ZJHDPZUMH6AMN0JU2APON4I04,unreviewed,AHDY3BLTTUYFG,203,spam
892648aa581b4e7eb9fb09b9cc5c31db,cscw19-1-description-label,2019-03-23 10:44:46.323,"Cosmetics are substances or products used to enhance or alter the appearance of the face or fragrance and texture of the body. Many cosmetics are designed for use of applying to the face, hair, and body. ",3JVP4ZJHDPZUMH6AMN0JU2APON4I04,unreviewed,A2P2SUJ6F18W1B,204,spam
d9797efe02934c44879b2882ab1b49c4,cscw19-1-description-label,2019-03-23 11:03:30.835,"A leaf is an organ of a vascular plant and is the principal lateral appendage of the stem. The leaves and stem together form the shoot. Leaves are collectively referred to as foliage, as in ""autumn foliage"".",3JVP4ZJHDPZUMH6AMN0JU2APON4I04,unreviewed,A3HKX6MMLYJPWX,207,spam
e42af9292dc840bbbba599327cd9641d,cscw19-1-description-label,2019-03-23 11:00:20.411,"A virus is a biological agent that reproduces inside the cells of living hosts. When infected by a virus, a host cell is forced to produce thousands of identical copies of the original virus at an extraordinary rate",3JVP4ZJHDPZUMH6AMN0JU2APON4I04,unreviewed,A3HKX6MMLYJPWX,215,spam
08ff68dc4d764b4a8908025f5362bdef,cscw19-1-image-label,2019-03-23 23:11:34.914,"powder coating made of refined plastics can also achieve this phenomenon,when the powder coating dries off on the surface ,it becomes rock hard and with some sort of technology it will be use-able like a touch screen",3L7SUC0TTU1GI0W172YBMVH65WWM0W,unreviewed,A3N17E39KZOQX0,216,spam
9fdf06fe2e944757a17facbfa0f860a2,cscw19-1-imageAndDescription-label,2019-03-12 18:34:16.247,Think about climate change. The climate is changing too quickly. I've noticed this things very often. Last decade I noticed very changes. I can't believe this climate change. We should take necessary action for this.,testhit,unreviewed,testworker,216,spam
7bd99dc72ce242f99900d33901d805fd,cscw19-1-description-label,2019-03-23 10:55:02.618,"Jewellery or jewelry consists of small decorative items worn for personal adornment, such as brooches, rings, necklaces, earrings, pendants, bracelets, and cufflinks. Jewellery may be attached to the body or the clothes",3JVP4ZJHDPZUMH6AMN0JU2APON4I04,unreviewed,A3AGF9EJPNNZH5,219,spam
e63ceb106fb94cac8128addecdf43ce0,cscw19-1-imageAndDescription-label,2019-03-23 10:52:04.339,"Jewellery or jewelry consists of small decorative items worn for personal adornment, such as brooches, rings, necklaces, earrings, pendants, bracelets, and cufflinks. Jewellery may be attached to the body or the clothes",3JVP4ZJHDPZUMH6AMN0JU2APON4I04,unreviewed,AHDY3BLTTUYFG,219,spam
281da35d6e734f098db2eaa51a01d8d8,cscw19-1-description-label,2019-03-23 10:54:15.177,"Jewellery or jewelry consists of small decorative items worn for personal adornment, such as brooches, rings, necklaces, earrings, pendants, bracelets, and cufflinks. Jewellery may be attached to the body or the clothes. ",3JVP4ZJHDPZUMH6AMN0JU2APON4I04,unreviewed,A2P2SUJ6F18W1B,221,spam
ad8c233827344a898b4255b3805b07c8,cscw19-1-image-label,2019-03-23 23:07:20.836,"aluminum chassis in liquid form can also be used to turn any surface to touch display, the aluminium is grounded and mixed with a  kind of chemical so that it can turn to liquid ,this liquid can then be applied like a paint",3L7SUC0TTU1GI0W172YBMVH65WWM0W,unreviewed,A3N17E39KZOQX0,223,spam
f1f149ae08214979a87befacec7e66a0,cscw19-1-description-label,2019-03-23 10:43:17.603,"Tea is an aromatic beverage commonly prepared by pouring hot or boiling water over cured leaves of the Camellia sinensis, an evergreen shrub native to East Asia. After water, it is the most widely consumed drink in the world.",3JVP4ZJHDPZUMH6AMN0JU2APON4I04,unreviewed,A3HKX6MMLYJPWX,225,spam
328ddce052c540feb452c887921d8443,cscw19-1-imageAndDescription-label,2019-03-23 11:01:38.17,"A forest is a large area dominated by trees. Hundreds of more precise definitions of forest are used throughout the world, incorporating factors such as tree density, tree height, land use, legal standing and ecological function",3JVP4ZJHDPZUMH6AMN0JU2APON4I04,unreviewed,AHDY3BLTTUYFG,228,spam
2c024513224b41b093da6ebb6a3225ea,cscw19-1-description-label,2019-03-23 10:44:27.084,"Coffee is a brewed drink prepared from roasted coffee beans, the seeds of berries from certain Coffea species. The genus Coffea is native to tropical Africa and Madagascar, the Comoros, Mauritius, and Runion in the Indian Ocean",3JVP4ZJHDPZUMH6AMN0JU2APON4I04,unreviewed,A3HKX6MMLYJPWX,228,spam
8d97ac0231f64d01b3be74f4166d38ba,cscw19-1-image-label,2019-03-23 23:03:24.781,"Polyester can also be used to to turn any surface into a touch display ,the polyester can be wrapped around the surface and a technology makes the polyester stay firm on the surface without shifting at all making the surface usable",3L7SUC0TTU1GI0W172YBMVH65WWM0W,unreviewed,A3N17E39KZOQX0,231,spam
05cd7949cd834eacb39fde9c737e5d85,cscw19-1-image-label,2019-03-23 22:58:57.442,"a type of futuristic surface paint with nano technology can help turn any surface into a touch display,the nano technology will be mixed in the paint and once it is activated it bonds together with the liquid to form a smooth surface",3L7SUC0TTU1GI0W172YBMVH65WWM0W,unreviewed,A3N17E39KZOQX0,233,spam
aae1b3c361474c4cb1dd475fc8971bc6,cscw19-1-description-label,2019-03-23 10:51:42.405,"Birds, also known as Aves, are a group of endothermic vertebrates, characterised by feathers, toothless beaked jaws, the laying of hard-shelled eggs, a high metabolic rate, a four-chambered heart, and a strong yet lightweight skeleton.",3JVP4ZJHDPZUMH6AMN0JU2APON4I04,unreviewed,A3HKX6MMLYJPWX,235,spam
ee4021eeedff4629881364ccef6c9d47,cscw19-1-image-label,2019-03-23 10:57:41.306,"Nature, in the broadest sense, is the natural, physical, or material world or universe. ""Nature"" can refer to the phenomena of the physical world, and also to life in general. The study of nature is a large, if not the only, part of science. ",3ZUE82NE0A8SUF9NGJ7DKK3FRTOF8X,unreviewed,ALBWW1QT4IPU2,242,spam
accbdc66576142ccbc9a32f040bba73e,cscw19-1-description-label,2019-03-19 11:55:55.523,we must clean a display everyday because there is so many usage in screen it will leads to dirty on it. First you wipe a dust and later use lotions to clean a gadgets some of the systems can deliver the same functions so we have clean everyday,3IJ95K7NDXJJBMSMX52EK2TMH19NGA,unreviewed,A1IBQ7MUUTWLS9,243,spam
37771ae2141a4b44ac0b36b68bbb4138,cscw19-1-image-label,2019-03-23 09:49:40.143,"A ball is a round object with various uses. It is used in ball games, where the play of the game follows the state of the ball as it is hit, kicked or thrown by players. Balls can also be used for simpler activities, such as catch or juggling. ",3ZUE82NE0A8SUF9NGJ7DKK3FRTOF8X,unreviewed,A3QMED18F7JJWE,244,spam
21934357d90e455cb5fdd32d0e52160e,cscw19-1-image-label,2019-03-23 10:19:17.681,"Art is a creative activity that expresses imaginative or technical skill. It produces an artifact, also called a work of art, for others to experience. Those who do this are called artists. They hope to affect the emotions of people who experience it",3ZUE82NE0A8SUF9NGJ7DKK3FRTOF8X,unreviewed,AXHFWTX0LTTOP,250,spam
e741b6fe30f84987908df9e8b22351af,cscw19-1-image-label,2019-03-23 10:25:18.309,"A mobile phone, cell phone, cellphone, or hand phone, sometimes shortened to simply mobile, cell or just phone, is a portable telephone that can make and receive calls over a radio frequency link while the user is moving within a telephone service area",3ZUE82NE0A8SUF9NGJ7DKK3FRTOF8X,unreviewed,AXHFWTX0LTTOP,252,spam
809f1f0e25e74ea8b2098509a37c7b34,cscw19-1-description-label,2019-03-23 10:52:40.06,"DescriptionNature, in the broadest sense, is the natural, physical, or material world or universe. ""Nature"" can refer to the phenomena of the physical world, and also to life in general. The study of nature is a large, if not the only, part of science.",3JVP4ZJHDPZUMH6AMN0JU2APON4I04,unreviewed,A3HKX6MMLYJPWX,252,spam
2ce1596cb2d24f1796b52c9069de6113,cscw19-1-description-label,2019-03-23 10:42:10.549,"Clothing is a collective term for items worn on the body. Clothing can be made of textiles, animal skin, or other thin sheets of materials put together. The wearing of clothing is mostly restricted to human beings and is a feature of all human societies",3JVP4ZJHDPZUMH6AMN0JU2APON4I04,unreviewed,A3HKX6MMLYJPWX,253,spam
927ac08d66b54ba6bd736e93b30aa05f,cscw19-1-description-label,2019-03-23 10:57:59.572,"Plants are mainly multicellular, predominantly photosynthetic eukaryotes of the kingdom Plantae. Historically, plants were treated as one of two kingdoms including all living things that were not animals, and all algae and fungi were treated as plants. ",3JVP4ZJHDPZUMH6AMN0JU2APON4I04,unreviewed,A2P2SUJ6F18W1B,253,spam
315b20e9e6c54c97a6249f63e648c8cf,cscw19-1-image-label,2019-03-23 10:21:59.859,"A flower, sometimes known as a bloom or blossom, is the reproductive structure found in flowering plants. The biological function of a flower is to effect reproduction, usually by providing a mechanism for the union of sperm with eggs. Flowers may facilitate.",3ZUE82NE0A8SUF9NGJ7DKK3FRTOF8X,unreviewed,AXHFWTX0LTTOP,259,spam
65a3f61c9e394635aa67c1698a74257b,cscw19-1-description-label,2019-03-23 11:01:39.146,"Wood is a porous and fibrous structural tissue found in the stems and roots of trees and other woody plants. It is an organic material, a natural composite of cellulose fibers that are strong in tension and embedded in a matrix of lignin that resists compression",3JVP4ZJHDPZUMH6AMN0JU2APON4I04,unreviewed,A3HKX6MMLYJPWX,262,spam
ff804fdf14a945d2841cdf6cda41e644,cscw19-1-image-label,2019-03-23 09:38:42.618,"Inspire means to excite, encourage, or breathe life into. Inspire comes from the Latin word that means to inflame or to blow in to. When you inspire something, it is as if you are blowing air over a low flame to make it grow. A film can be inspired by a true story.",3ZUE82NE0A8SUF9NGJ7DKK3FRTOF8X,unreviewed,A3QMED18F7JJWE,265,spam
ace53b346d5a46aa9c269eb86672a689,cscw19-1-image-label,2019-03-23 09:46:38.878,"Rabbits are small mammals in the family Leporidae of the order Lagomorpha. Oryctolagus cuniculus includes the European rabbit species and its descendants, the world's 305 breeds of domestic rabbit. Sylvilagus includes 13 wild rabbit species, among them the 7 types of cottontail. ",3ZUE82NE0A8SUF9NGJ7DKK3FRTOF8X,unreviewed,A3QMED18F7JJWE,280,spam
32c11a523e0b4ebd8e8fce1443480cf4,cscw19-1-description-label,2019-03-23 10:46:09.77,"A bag is a common tool in the form of a non-rigid container. The use of bags predates recorded history, with the earliest bags being no more than lengths of animal skin, cotton, or woven plant fibers, folded up at the edges and secured in that shape with strings of the same material. ",3JVP4ZJHDPZUMH6AMN0JU2APON4I04,unreviewed,A3HKX6MMLYJPWX,285,spam
a108198f97114f45aedfe491e7ed57fc,cscw19-1-imageAndDescription-label,2019-03-23 10:56:31.569,"Animals are multicellular eukaryotic organisms that form the biological kingdom Animalia. With few exceptions, animals consume organic material, breathe oxygen, are able to move, can reproduce sexually, and grow from a hollow sphere of cells, the blastula, during embryonic development",3JVP4ZJHDPZUMH6AMN0JU2APON4I04,unreviewed,AHDY3BLTTUYFG,285,spam
ad2ec197c4714df388e2874f75d98c2c,cscw19-1-imageAndDescription-label,2019-03-23 10:47:09.699,"A flower, sometimes known as a bloom or blossom, is the reproductive structure found in flowering plants. The biological function of a flower is to effect reproduction, usually by providing a mechanism for the union of sperm with eggs. Flowers may facilitate outcrossing or allow selfing",3JVP4ZJHDPZUMH6AMN0JU2APON4I04,unreviewed,AHDY3BLTTUYFG,287,spam
cbd13494f762421790d7fec8339e34e6,cscw19-1-description-label,2019-03-23 10:56:41.554,"Animals are multicellular eukaryotic organisms that form the biological kingdom Animalia. With few exceptions, animals consume organic material, breathe oxygen, are able to move, can reproduce sexually, and grow from a hollow sphere of cells, the blastula, during embryonic development. ",3JVP4ZJHDPZUMH6AMN0JU2APON4I04,unreviewed,A2P2SUJ6F18W1B,287,spam
5a6f04c57fbc47abaf20b9025b84cb74,cscw19-1-description-label,2019-03-23 10:47:20.969,"A flower, sometimes known as a bloom or blossom, is the reproductive structure found in flowering plants. The biological function of a flower is to effect reproduction, usually by providing a mechanism for the union of sperm with eggs. Flowers may facilitate outcrossing or allow selfing.",3JVP4ZJHDPZUMH6AMN0JU2APON4I04,unreviewed,A1IV1O890FN1QA,288,spam
8efe036cfca147d086219c3cdfffe2c6,cscw19-1-description-label,2019-03-23 10:50:00.331,"A flower, sometimes known as a bloom or blossom, is the reproductive structure found in flowering plants. The biological function of a flower is to effect reproduction, usually by providing a mechanism for the union of sperm with eggs. Flowers may facilitate out crossing or allow selfing.",3JVP4ZJHDPZUMH6AMN0JU2APON4I04,unreviewed,A3AGF9EJPNNZH5,289,spam
8112af17db5d441bb3a6bbc757bba6d4,cscw19-1-description-label,2019-03-23 10:50:01.376,"A flower, sometimes known as a bloom or blossom, is the reproductive structure found in flowering plants. The biological function of a flower is to effect reproduction, usually by providing a mechanism for the union of sperm with eggs. Flowers may facilitate outcrossing or allow selfing. ",3JVP4ZJHDPZUMH6AMN0JU2APON4I04,unreviewed,A2P2SUJ6F18W1B,289,spam
96bc4adf0bc64ded899546a01d5d2129,cscw19-1-image-label,2019-03-23 09:33:07.472,"Furniture refers to movable objects intended to support various human activities such as seating, eating, and sleeping. Furniture is also used to hold objects at a convenient height for work, or to store things. Furniture can be a product of design and is considered a form of decorative art. ",3ZUE82NE0A8SUF9NGJ7DKK3FRTOF8X,unreviewed,A3QMED18F7JJWE,293,spam
0d8ca59ffd1c4e88a01c69fe38344715,cscw19-1-description-label,2019-03-23 10:40:10.482,"The cat is a small carnivorous mammal. It is the only domesticated species in the family Felidae and often referred to as the domestic cat to distinguish it from wild members of the family. The cat is either a house cat, kept as a pet, or a feral cat, freely ranging and avoiding human contact",3JVP4ZJHDPZUMH6AMN0JU2APON4I04,unreviewed,A3HKX6MMLYJPWX,293,spam
10b756a376ff459db54f5e2f64e2bb1f,cscw19-1-description-label,2019-03-23 10:42:53.244,"A car is a wheeled motor vehicle used for transportation. Most definitions of car say they run primarily on roads, seat one to eight people, have four tires, and mainly transport people rather than goods. Cars came into global use during the 20th century, and developed economies depend on them",3JVP4ZJHDPZUMH6AMN0JU2APON4I04,unreviewed,A3AGF9EJPNNZH5,294,spam
310dbcbe9f0d4f25a1babc0e1f9bded7,cscw19-1-imageAndDescription-label,2019-03-23 10:41:35.413,"A car is a wheeled motor vehicle used for transportation. Most definitions of car say they run primarily on roads, seat one to eight people, have four tires, and mainly transport people rather than goods. Cars came into global use during the 20th century, and developed economies depend on them.",3JVP4ZJHDPZUMH6AMN0JU2APON4I04,unreviewed,AHDY3BLTTUYFG,295,spam
7baefa5fa90b4391875a7967848de326,cscw19-1-image-label,2019-03-23 10:55:48.296,"A car is a wheeled motor vehicle used for transportation. Most definitions of car say they run primarily on roads, seat one to eight people, have four tires, and mainly transport people rather than goods. Cars came into global use during the 20th century, and developed economies depend on them.",3ZUE82NE0A8SUF9NGJ7DKK3FRTOF8X,unreviewed,ALBWW1QT4IPU2,295,spam
b5029244563d4a10af9d374a16979d54,cscw19-1-image-label,2019-03-23 10:34:32.448,"A car is a wheeled motor vehicle used for transportation. Most definitions of car say they run primarily on roads, seat one to eight people, have four tires, and mainly transport people rather than goods. Cars came into global use during the 20th century, and developed economies depend on them.",3ZUE82NE0A8SUF9NGJ7DKK3FRTOF8X,unreviewed,AXHFWTX0LTTOP,295,spam
d0777a0c001349378d1c15e1e945dde8,cscw19-1-description-label,2019-03-23 10:42:35.59,"A car is a wheeled motor vehicle used for transportation. Most definitions of car say they run primarily on roads, seat one to eight people, have four tires, and mainly transport people rather than goods. Cars came into global use during the 20th century, and developed economies depend on them.",3JVP4ZJHDPZUMH6AMN0JU2APON4I04,unreviewed,A1IV1O890FN1QA,295,spam
dcd5ebdb44264a19817a0c09de30cc70,cscw19-1-description-label,2019-03-23 10:47:43.126,"A car is a wheeled motor vehicle used for transportation. Most definitions of car say they run primarily on roads, seat one to eight people, have four tires, and mainly transport people rather than goods. Cars came into global use during the 20th century, and developed economies depend on them.",3JVP4ZJHDPZUMH6AMN0JU2APON4I04,unreviewed,A3HKX6MMLYJPWX,295,spam
6ce995199fac43d1afef95dddb452fef,cscw19-1-image-label,2019-03-23 09:40:50.813,"A car is a wheeled motor vehicle used for transportation. Most definitions of car say they run primarily on roads, seat one to eight people, have four tires, and mainly transport people rather than goods. Cars came into global use during the 20th century, and developed economies depend on them. ",3ZUE82NE0A8SUF9NGJ7DKK3FRTOF8X,unreviewed,A3QMED18F7JJWE,296,spam
7211015cfba24b33a377b815c4d70f33,cscw19-1-description-label,2019-03-23 10:43:01.241,"A car is a wheeled motor vehicle used for transportation. Most definitions of car say they run primarily on roads, seat one to eight people, have four tires, and mainly transport people rather than goods. Cars came into global use during the 20th century, and developed economies depend on them. ",3JVP4ZJHDPZUMH6AMN0JU2APON4I04,unreviewed,A2P2SUJ6F18W1B,296,spam
6a00ab2548234dc9b9936723d551dee9,cscw19-1-description-label,2019-03-23 10:44:38.441,"In botany, a tree is a perennial plant with an elongated stem, or trunk, supporting branches and leaves in most species. In some usages, the definition of a tree may be narrower, including only woody plants with secondary growth, plants that are usable as lumber or plants above a specified height",3JVP4ZJHDPZUMH6AMN0JU2APON4I04,unreviewed,A1IV1O890FN1QA,297,spam
daf830af8ee64a4ca535982fb01cf031,cscw19-1-description-label,2019-03-23 10:46:46.003,"In botany, a tree is a perennial plant with an elongated stem, or trunk, supporting branches and leaves in most species. In some usages, the definition of a tree may be narrower, including only woody plants with secondary growth, plants that are usable as lumber or plants above a specified height",3JVP4ZJHDPZUMH6AMN0JU2APON4I04,unreviewed,A3AGF9EJPNNZH5,297,spam
b8ccafe0699148f1b44d2cc3523a0a7f,cscw19-1-description-label,2019-03-23 10:50:25.642,"Bike is a British motorcycling magazine that was established and edited by journalist Mark Williams in 1971, originally as a one-off Car magazine special. Taking a leaf out of Car magazine's book, Bike published ""Giant Tests"", namely, head to head comparison tests, which were innovative at the time",3JVP4ZJHDPZUMH6AMN0JU2APON4I04,unreviewed,A3HKX6MMLYJPWX,299,spam
4617e8ab62414859ac7e7f76c82abac4,cscw19-1-description-label,2019-03-23 10:39:42.675,"In botany, a tree is a perennial plant with an elongated stem, or trunk, supporting branches and leaves in most species. In some usages, the definition of a tree may be narrower, including only woody plants with secondary growth, plants that are usable as lumber or plants above a specified height. ",3JVP4ZJHDPZUMH6AMN0JU2APON4I04,unreviewed,A2P2SUJ6F18W1B,299,spam
2477cea6c7c94db5b5fe86e4a84c10ee,cscw19-1-description-label,2019-03-23 10:56:42.143,"At fictional Princeton Plainsboro Teaching Hospital in New Jersey, prickly genius Dr. Gregory House tackles health mysteries as would a medical Sherlock Holmes, all the while playing mind games with colleagues that include his best friend, oncologist James Wilson. House, an acerbic infectious diseas",3JVP4ZJHDPZUMH6AMN0JU2APON4I04,unreviewed,A3HKX6MMLYJPWX,300,spam
c43670582d194f4682f759ed838e9402,cscw19-1-description-label,2019-03-23 10:58:12.58,"At fictional Princeton Plainsboro Teaching Hospital in New Jersey, prickly genius Dr. Gregory House tackles health mysteries as would a medical Sherlock Holmes, all the while playing mind games with colleagues that include his best friend, oncologist James Wilson. House, an acerbic infectious diseas",3JVP4ZJHDPZUMH6AMN0JU2APON4I04,unreviewed,A3AGF9EJPNNZH5,300,spam
072349fd02524d359597826808716770,cscw19-1-image-label,2019-03-23 10:53:29.274,"Bike is a British motorcycling magazine that was established and edited by journalist Mark Williams in 1971, originally as a one-off Car magazine special. Taking a leaf out of Car magazine's book, Bike published ""Giant Tests"", namely, head to head comparison tests, which were innovative at the time.",3ZUE82NE0A8SUF9NGJ7DKK3FRTOF8X,unreviewed,ALBWW1QT4IPU2,300,spam
80b3994d096c48af9eda04a4c7b19fe3,cscw19-1-description-label,2019-03-23 10:58:44.126,"Gold is a chemical element with symbol Au and atomic number 79, making it one of the higher atomic number elements that occur naturally. In its purest form, it is a bright, slightly reddish yellow, dense, soft, malleable, and ductile metal. Chemically, gold is a transition metal and a group 11 element.",3JVP4ZJHDPZUMH6AMN0JU2APON4I04,unreviewed,A3HKX6MMLYJPWX,303,spam
b7f07dccab1740899c2796805b920378,cscw19-1-image-label,2019-03-23 11:00:15.467,"Gold is a chemical element with symbol Au and atomic number 79, making it one of the higher atomic number elements that occur naturally. In its purest form, it is a bright, slightly reddish yellow, dense, soft, malleable, and ductile metal. Chemically, gold is a transition metal and a group 11 element. ",3ZUE82NE0A8SUF9NGJ7DKK3FRTOF8X,unreviewed,ALBWW1QT4IPU2,304,spam
6d7267f543184b6c8436c64eb2ebcc29,cscw19-1-description-label,2019-03-23 10:55:24.491,"A city is a large human settlement. Cities generally have extensive systems for housing, transportation, sanitation, utilities, land use, and communication. Their density facilitates interaction between people, government organizations and businesses, sometimes benefiting different parties in the process",3JVP4ZJHDPZUMH6AMN0JU2APON4I04,unreviewed,A1IV1O890FN1QA,305,spam
f913137fc4984e69a7ebb5b01fa48ab4,cscw19-1-imageAndDescription-label,2019-03-23 10:54:24.712,"A city is a large human settlement. Cities generally have extensive systems for housing, transportation, sanitation, utilities, land use, and communication. Their density facilitates interaction between people, government organizations and businesses, sometimes benefiting different parties in the process",3JVP4ZJHDPZUMH6AMN0JU2APON4I04,unreviewed,AHDY3BLTTUYFG,305,spam
4625ca84cf6349a3bb8dfef6ae769473,cscw19-1-imageAndDescription-label,2019-03-23 23:34:45.957," RELATED TAGS: GADGETS ... Yeah, I can feel it getting smoother, says Quintanilla, who is blind. The touch pad in his hands displays a snowy, frosted window that his finger wipes smoother with every pass. ... Israr is part of a community of researchers working to make touch screens more, well, touchable.",3FTID4TN8L5T9DA1FY85EAW1H4LLYU,unreviewed,A2D7V4E7TCYOZF,307,spam
98b6c69883da4db4910660ebdfd67904,cscw19-1-imageAndDescription-label,2019-03-23 23:07:18.471," RELATED TAGS: GADGETS ... Yeah, I can feel it getting smoother, says Quintanilla, who is blind. The touch pad in his hands displays a snowy, frosted window that his finger wipes smoother with every pass. ... Israr is part of a community of researchers working to make touch screens more, well, touchable.",3VGZ74AYTGN0KIVV8FT04RZAIZHCG7,unreviewed,A1PT6264PIYFCI,307,spam
b7c791be3a6e41f3a786491f4d447930,cscw19-1-imageAndDescription-label,2019-03-23 23:22:18.19,"- RELATED TAGS: GADGETS ... Yeah, I can feel it getting smoother, says Quintanilla, who is blind. The touch pad in his hands displays a snowy, frosted window that his finger wipes smoother with every pass. ... Israr is part of a community of researchers working to make touch screens more, well, touchable.",3FTID4TN8L5T9DA1FY85EAW1H4LLYU,unreviewed,A2D7V4E7TCYOZF,308,spam
2b9368a61d2f4def9bb33e2f7f3820c0,cscw19-1-imageAndDescription-label,2019-03-23 23:03:20.133,"A new prototype can transform a notebook into a notebook computer, a wall into ... can turn any nearby surface into an ad hoc interactive touch screen. ... Instead of relying on screens, buttons, or keys, the system monitors the user's ... But the team has built several sample applications; one allows users to .",3VGZ74AYTGN0KIVV8FT04RZAIZHCG7,unreviewed,A1PT6264PIYFCI,313,spam
8075b0cd07ca4346b9cce2f82abe937f,cscw19-1-description-label,2019-03-23 11:04:44.917,"Eye is a monthly peer-reviewed medical journal covering ophthalmology. It was established in 1881 as the Transactions of the Ophthalmological Societies of the United Kingdom, obtaining its current name in 1987. It is published by Springer Nature and is the official journal of the Royal College of Ophthalmologists",3JVP4ZJHDPZUMH6AMN0JU2APON4I04,unreviewed,A3HKX6MMLYJPWX,314,spam
1e6e2abff76940af8d9c54a94a92f717,cscw19-1-description-label,2019-03-23 22:53:22.252," I wrote a book of design essays with my friend Lukas ... So every time I publish something, I get a few emails complaining about things. ... I built this site because I believe the soul of a product can be found in interaction design. .... it so you could just flick the video off your phone's screen up to the tv?",3W5PY7V3UPENENM1CDWSYVJ9DFGJYQ,unreviewed,APHQB0WGRUJTB,315,spam
8bdffce828a946658b84d8ba0546b979,cscw19-1-imageAndDescription-label,2019-03-24 00:11:04.869," A new prototype can transform a notebook into a notebook computer, a wall into ... can turn any nearby surface into an ad hoc interactive touch screen. ... Instead of relying on screens, buttons, or keys, the system monitors the user's ... But the team has built several sample applications; one allows users to ...",3W5PY7V3UPENENM1CDWSYVJ9DFGJYQ,unreviewed,A1V595KBP0VLEO,316,spam
81b65a65d5854a6cbd4c11b509b01efa,cscw19-1-description-label,2019-03-23 10:55:28.927,"Blue is one of the three primary colours of pigments in painting and traditional colour theory, as well as in the RGB colour model. It lies between violet and green on the spectrum of visible light. The eye perceives blue when observing light with a dominant wavelength between approximately 450 and 495 nanometres. ",3JVP4ZJHDPZUMH6AMN0JU2APON4I04,unreviewed,A3HKX6MMLYJPWX,316,spam
e558d26678a74cff8bc54f2384850f65,cscw19-1-image-label,2019-03-23 10:29:05.613,"A dress is a garment consisting of a skirt with an attached bodice. It consists of a top piece that covers the torso and hangs down over the legs. A dress can be any one-piece garment containing a skirt of any length. Dresses can be formal or informal. In many cultures, dresses are more often worn by women and girls",3ZUE82NE0A8SUF9NGJ7DKK3FRTOF8X,unreviewed,AXHFWTX0LTTOP,317,spam
6e06f961eb354a37905a757f74902025,cscw19-1-imageAndDescription-label,2019-03-23 23:27:04.116,"Surface Computing: The iDesk Final Frame Desk Gadgets, Gadgets And Gizmos, ... Weekly Innovation: Turn A 3D Printer into a Tattoo Machine Cool Gadgets, .... desks to touch screen tables, these workspaces will change the way you think ... The technology has been customized to serve architects and designers, they buil",3FTID4TN8L5T9DA1FY85EAW1H4LLYU,unreviewed,A2D7V4E7TCYOZF,317,spam
d8b7ea78d6eb413ca17591538da9691a,cscw19-1-image-label,2019-03-23 10:45:23.075,"A dress is a garment consisting of a skirt with an attached bodice. It consists of a top piece that covers the torso and hangs down over the legs. A dress can be any one-piece garment containing a skirt of any length. Dresses can be formal or informal. In many cultures, dresses are more often worn by women and girls. ",3ZUE82NE0A8SUF9NGJ7DKK3FRTOF8X,unreviewed,ALBWW1QT4IPU2,319,spam
12f82a80e9ad4d3ba1c164797e973157,cscw19-1-imageAndDescription-label,2019-03-23 22:53:00.6,"Bill Gates will demo a new multi-touch computer and interface today called ... the touch screen hardware setup itself; the corresponding software to ... TouchWall and Plex are superficially similar to Microsoft Surface, ... and a the system worked fine (I'm trying to get Microsoft to release ..... All rights reserved.",3VGZ74AYTGN0KIVV8FT04RZAIZHCG7,unreviewed,A1PT6264PIYFCI,319,spam
52bc537a3b8747c0a979c5570cf150dd,cscw19-1-imageAndDescription-label,2019-03-23 23:16:40.119," Bill Gates will demo a new multi-touch computer and interface today called ... the touch screen hardware setup itself; the corresponding software to ... TouchWall and Plex are superficially similar to Microsoft Surface, ... and a the system worked fine (I'm trying to get Microsoft to release ..... All rights reserved.",3FTID4TN8L5T9DA1FY85EAW1H4LLYU,unreviewed,A2D7V4E7TCYOZF,320,spam
a74f92f60d9f4c94bc234498d4f8cb27,cscw19-1-imageAndDescription-label,2019-03-23 23:19:30.985," Bill Gates will demo a new multi-touch computer and interface today called ... the touch screen hardware setup itself; the corresponding software to ... TouchWall and Plex are superficially similar to Microsoft Surface, ... and a the system worked fine (I'm trying to get Microsoft to release ..... All rights reserved.",3FTID4TN8L5T9DA1FY85EAW1H4LLYU,unreviewed,A2D7V4E7TCYOZF,320,spam
b442f006f1ea4ad398c8d2f6741cd493,cscw19-1-description-label,2019-03-23 22:39:30.135,"Users can project their desktop onto a flat surface and control it with ... But here's what's really cool: To control it you simply tap on the projected image. ... It could help stores display interactive product information after ... ""By making it possible to turn any surface into a touch screen, we eliminate the need",3W5PY7V3UPENENM1CDWSYVJ9DFGJYQ,unreviewed,APHQB0WGRUJTB,320,spam
b2dfd9a4522644858b98e918d08a7432,cscw19-1-description-label,2019-03-23 22:50:42.433,"No part of this publication may be reproduced, stored in a retrieval system, ...... As you can imagine, coordinating the activities of all these parties is challenging. ... management thinking has become, consider the example of Panera Bread in the ..... Products and Services Part III, Establishing Supply Chain Linkages.",3W5PY7V3UPENENM1CDWSYVJ9DFGJYQ,unreviewed,APHQB0WGRUJTB,322,spam
2644f0e90c9148089eb1ab6be6efe712,cscw19-1-description-label,2019-03-23 22:44:04.206,"This time around, GE Aviation will build the backup electrical power system, ... body on a Boeing 737  to turn a coil inside an induced magnetic field in the generator ... GE's BuG puts out 50 kilowatts of power from each of the 777X's two engines ... If you're using backup power, you're going to have to go without a movie",3W5PY7V3UPENENM1CDWSYVJ9DFGJYQ,unreviewed,APHQB0WGRUJTB,326,spam
003ad68d086042a2a44e7353d57ee3d5,cscw19-1-imageAndDescription-label,2019-03-23 23:15:40.282,"Design and Discovery is a curriculum that can be implemented in ... bicycles to think about systems and components in a product they might ..... Look at the 1B Handout: The Design Process, and have students take turns reading ...... electrons can be rubbed from one surface to another where they build up as static electricity;.",3W5PY7V3UPENENM1CDWSYVJ9DFGJYQ,unreviewed,A2DHLRV1OE925A,328,spam
45d369b90146452ca0aacabae8b50b19,cscw19-1-description-label,2019-03-23 22:48:35.409,"I hope you'll join us in celebrating not only a Century of ... that turns 3M into a new product powerhouse. ... While 3M people must take personal initiative to build rewarding careers, ... ago could have easily destroyed a young company in the st century. Imagine, for example, that ...... 3M recently entered the touch-screen.",3W5PY7V3UPENENM1CDWSYVJ9DFGJYQ,unreviewed,APHQB0WGRUJTB,328,spam
bfa3f395ac3140209c2a66f8fdb5961e,cscw19-1-description-label,2019-03-23 22:46:08.408,"If your guy wins, good luck in the socialist system you will be living in, Denise! ... When the people of America have to line up for flu shots, and get turned away ... So, wouldn't it be WAAAY cool if The Sox (MA) won the ALCS, the Astros (TX) won the ...... Just imagine how shocked they will be come winter and all the plows ",3W5PY7V3UPENENM1CDWSYVJ9DFGJYQ,unreviewed,APHQB0WGRUJTB,328,spam
6c45c1f0628240a992f05a9a12b66bc3,cscw19-1-imageAndDescription-label,2019-03-23 23:19:53.353,"This time around, GE Aviation will build the backup electrical power system, ... body on a Boeing 737  to turn a coil inside an induced magnetic field in the generator ... GE's BuG puts out 50 kilowatts of power from each of the 777X's two engines ... If you're using backup power, you're going to have to go without a movie,",3W5PY7V3UPENENM1CDWSYVJ9DFGJYQ,unreviewed,A2DHLRV1OE925A,328,spam
d11b008d5d784228bdb9852a1562703c,cscw19-1-imageAndDescription-label,2019-03-24 00:01:30.63," Users can project their desktop onto a flat surface and control it with ... But here's what's really cool: To control it you simply tap on the projected image. ... It could help stores display interactive product information after ... ""By making it possible to turn any surface into a touch screen, we eliminate the need for ...",3W5PY7V3UPENENM1CDWSYVJ9DFGJYQ,unreviewed,A1V595KBP0VLEO,329,spam
4bacdd6c3d5141b182d93cb231c71b5a,cscw19-1-imageAndDescription-label,2019-03-23 23:28:59.293,"This time around, GE Aviation will build the backup electrical power system, ... body on a Boeing 737  to turn a coil inside an induced magnetic field in the generator ... GE's BuG puts out 50 kilowatts of power from each of the 777X's two engines ... If you're using backup power, you're going to have to go without a movie, ...",3FTID4TN8L5T9DA1FY85EAW1H4LLYU,unreviewed,A2D7V4E7TCYOZF,332,spam
4efaa9bf8fc64a019b8c3ce3182be8cb,cscw19-1-imageAndDescription-label,2019-03-23 23:32:39.374,"Design and Discovery is a curriculum that can be implemented in ... bicycles to think about systems and components in a product they might ..... Look at the 1B Handout: The Design Process, and have students take turns reading ...... electrons can be rubbed from one surface to another where they build up as static electricity;.[PDF]",3FTID4TN8L5T9DA1FY85EAW1H4LLYU,unreviewed,A2D7V4E7TCYOZF,333,spam
ce7d0e3d031a4fe48bd0b8c98c75f157,cscw19-1-description-label,2019-03-23 22:54:38.285,"We need to re-think our civilization from the grass roots up, not bumble blindly on. ...... If you expect the continued stress of products and services being priced out ..... If every family does a cookout at the same time the air could quickly become foul ...... Imagine we covered the entire surface of the Earth with solar panels.",3W5PY7V3UPENENM1CDWSYVJ9DFGJYQ,unreviewed,APHQB0WGRUJTB,333,spam
6f8a88179d734e2aad115a28de14c3e1,cscw19-1-imageAndDescription-label,2019-03-23 23:18:15.754,"If your guy wins, good luck in the socialist system you will be living in, Denise! ... When the people of America have to line up for flu shots, and get turned away ... So, wouldn't it be WAAAY cool if The Sox (MA) won the ALCS, the Astros (TX) won the ...... Just imagine how shocked they will be come winter and all the plows are ...",3W5PY7V3UPENENM1CDWSYVJ9DFGJYQ,unreviewed,A2DHLRV1OE925A,335,spam
5776443cf6544d5f852b6862d5bcd26c,cscw19-1-description-label,2019-03-23 22:49:29.493,"In your career, you may say goodbye to good friends too often. ..... build systems that are entirely inward-facing, such as to make one machine ..... to imagine how those following these lines of thinking could compromise so .... We see incredibly less of the finished products, and we don't get the same level of feedback, at all, ...",3W5PY7V3UPENENM1CDWSYVJ9DFGJYQ,unreviewed,APHQB0WGRUJTB,335,spam
0788c814433f42d39d86813d83f1d719,cscw19-1-description-label,2019-03-23 22:47:07.668,"our industries, reinventing our products, redefining our services ... difficult to imagine how your students will succeed .... to build and equip education systems to that they can .... There's no need to turn everyone into data scientists ...... with the Microsoft Surface ..... There's a touch screen for browsing and a full keyboard.",3W5PY7V3UPENENM1CDWSYVJ9DFGJYQ,unreviewed,APHQB0WGRUJTB,336,spam
b2439dd516d04210a230bc28b3ab44bb,cscw19-1-imageAndDescription-label,2019-03-23 23:33:20.518,"our industries, reinventing our products, redefining our services ... difficult to imagine how your students will succeed .... to build and equip education systems to that they can .... There's no need to turn everyone into data scientists ...... with the Microsoft Surface ..... There's a touch screen for browsing and a full keyboard.",3FTID4TN8L5T9DA1FY85EAW1H4LLYU,unreviewed,A2D7V4E7TCYOZF,336,spam
bef73c32510847ba85b837e496ec15e7,cscw19-1-imageAndDescription-label,2019-03-23 23:14:07.453,"our industries, reinventing our products, redefining our services ... difficult to imagine how your students will succeed .... to build and equip education systems to that they can .... There's no need to turn everyone into data scientists ...... with the Microsoft Surface ..... There's a touch screen for browsing and a full keyboard.",3W5PY7V3UPENENM1CDWSYVJ9DFGJYQ,unreviewed,A2DHLRV1OE925A,336,spam
e3b9bf6110c8488293e3fa1d570c8da4,cscw19-1-imageAndDescription-label,2019-03-23 23:30:39.567,"If your guy wins, good luck in the socialist system you will be living in, Denise! ... When the people of America have to line up for flu shots, and get turned away ... So, wouldn't it be WAAAY cool if The Sox (MA) won the ALCS, the Astros (TX) won the ...... Just imagine how shocked they will be come winter and all the plows are ...[PDF]",3FTID4TN8L5T9DA1FY85EAW1H4LLYU,unreviewed,A2D7V4E7TCYOZF,340,spam
8710d59141664e9db9c683cf8ee75a86,cscw19-1-description-label,2019-03-23 10:58:59.332,"At fictional Princeton Plainsboro Teaching Hospital in New Jersey, prickly genius Dr. Gregory House tackles health mysteries as would a medical Sherlock Holmes, all the while playing mind games with colleagues that include his best friend, oncologist James Wilson. House, an acerbic infectious disease specialist, solves medical puzzles with the help of a team of young diagnosticians.",3JVP4ZJHDPZUMH6AMN0JU2APON4I04,unreviewed,A1IV1O890FN1QA,385,spam
cc5e03bd12b24ec7bebf2a278113bd0c,cscw19-1-imageAndDescription-label,2019-03-24 01:06:27.273,"first plan our business and then choose a business structure. Tax Preparation and Bookkeeping. and success in the business world depends upon the ability to carve out a unique niche in the marketplace. we are social Media Consultant Affiliate Marketing, accounting, tax prep, bookkeeping, payroll services is more profitable business. Experience, training or licensing may be needed for started company ",3VGZ74AYTGN0KIVV8FT04RZAIZHCG7,unreviewed,A1EY3YKOC2DVBU,403,spam
29092639b0b94ae4926ac8252fa8de80,cscw19-1-imageAndDescription-label,2019-03-22 16:00:41.057,"In a demo yesterday, though, Microsoft  Office Labs GM Chris Prattle and Director of Envisioning Ian Sands said that the two products are completely different. Surface is a multi-touch and vision system that uses cameras to sense what is on the table, where it is and what it is doing. It can determine, for example, if a cell phone is on the table and then interact with the phone in a variety of ways, such as pulling photos off of it ",3URJ6VVYUPULHRZE3J0QQ2WOH85O47,unreviewed,A1PC5HFTBIR2QA,437,spam
b6531bb05eec49d49c4d550135e64217,cscw19-1-imageAndDescription-label,2019-03-22 16:06:01.487,"Omni Touch works by bringing together a miniature projector and an infrared depth camera, similar to the kind used in Microsofts Kinect game console, to create a shoulder-worn system designed to interface with mobile devices such as smart phones, says co-inventor Chris Harrison, a postgraduate researcher at Carnegie Mellons Human-Computer Interaction Institute in Pittsburgh and a former intern at Microsoft Research. Instead of relying on screens, buttons, or keys, the system monitors the users environment for any available surfaces and projects an interactive display onto one or more of them",3URJ6VVYUPULHRZE3J0QQ2WOH85O47,unreviewed,A1PC5HFTBIR2QA,601,spam
fb4c884b17a042128ab61258c1d60f5c,cscw19-1-description-label,2019-03-23 22:37:50.218,"Noritake Capacitive Touch Screen Displays Are Engineered To Improve Efficiency! Noritake Touch Screen Display Modules Offer A Wide Variety Of High Brightness TFT Modules! Auto Calibration. Long-Term Support. Stable Operation. Simple Interface. Multiple Touches. Adaptable Sensitivity.  Bill Gates will demo a new multi-touch computer and interface today called ... the touch screen hardware setup itself; the corresponding software to ... TouchWall and Plex are superficially similar to Microsoft Surface, ... and a the system worked fine (I'm trying to get Microsoft to release ..... All rights reserved.",3W5PY7V3UPENENM1CDWSYVJ9DFGJYQ,unreviewed,APHQB0WGRUJTB,605,spam
8dbb5e0b4013496aaf366f627d85abaa,cscw19-1-imageAndDescription-label,2019-03-13 14:22:27.579,touch screen desk,3VLL1PIENQV1KON3OCQGKY9XIYFZOR,unusable,AGC3T6724JUAF,17,ham
5f8d3aaaf821445ca4662a376bba0bb1,cscw19-1-description-label,2019-03-13 21:53:51.741,touchscreen couch,3IHWR4LC7DKC46BDHRDYNHG77GHI8I,unusable,A1RCQT5Z8PHTWJ,17,ham
5f4e7d81fa0146a6a2f023587ef27834,cscw19-1-description-label,2019-03-13 21:53:00.396,Touchscreen walls,3IHWR4LC7DKC46BDHRDYNHG77GHI8I,unusable,A1RCQT5Z8PHTWJ,17,ham
97b247bf21e9457da7241b5d7f0eab9d,cscw19-1-description-label,2019-03-13 22:11:55.321,touch screen pants,3IHWR4LC7DKC46BDHRDYNHG77GHI8I,unusable,A1RCQT5Z8PHTWJ,18,ham
0a3fc6b76bf74871935df0bc07d6d488,cscw19-1-imageAndDescription-label,2019-03-13 14:22:49.637,touch screen table,3VLL1PIENQV1KON3OCQGKY9XIYFZOR,unusable,AGC3T6724JUAF,18,ham
4e990667f35a4d3ebc3b68b957452064,cscw19-1-description-label,2019-03-13 22:04:01.298,A touch screen door,3IHWR4LC7DKC46BDHRDYNHG77GHI8I,unusable,A1RCQT5Z8PHTWJ,19,ham
39ba8d3fd2d64e779e0c8713e379ed42,cscw19-1-imageAndDescription-label,2019-03-13 14:26:03.339,touch screen plates,3VLL1PIENQV1KON3OCQGKY9XIYFZOR,unusable,AGC3T6724JUAF,19,ham
4e7b6d79d22849cc917e9e8cc83cc0b5,cscw19-1-imageAndDescription-label,2019-03-13 14:33:30.988,Touch screen car key,3VLL1PIENQV1KON3OCQGKY9XIYFZOR,unusable,AGC3T6724JUAF,20,ham
3a7ae46208b2480d9e3b5fdca0393fc2,cscw19-1-description-label,2019-03-13 21:51:06.765,A touch screen window,3IHWR4LC7DKC46BDHRDYNHG77GHI8I,unusable,A1RCQT5Z8PHTWJ,21,ham
589116eecd8c4371b217bebc6be637b3,cscw19-1-imageAndDescription-label,2019-03-13 14:18:02.373,Touch screen keyboard,3VLL1PIENQV1KON3OCQGKY9XIYFZOR,unusable,AGC3T6724JUAF,21,ham
f7e2b3ff99ea4e48937e8f288752a09c,cscw19-1-description-label,2019-03-13 22:05:40.104,touch screen microwave,3IHWR4LC7DKC46BDHRDYNHG77GHI8I,unusable,A1RCQT5Z8PHTWJ,22,ham
d001f17ff1fb4bbbafa5452f3a18d0e8,cscw19-1-imageAndDescription-label,2019-03-13 14:17:32.852,Touch screen car window.,3VLL1PIENQV1KON3OCQGKY9XIYFZOR,unusable,AGC3T6724JUAF,24,ham
71ae5a9777424ee9b37b1dd2e9a53e25,cscw19-1-imageAndDescription-label,2019-03-13 14:33:50.704,Touch screen credit card,3VLL1PIENQV1KON3OCQGKY9XIYFZOR,unusable,AGC3T6724JUAF,24,ham
be520989fb7c4f6b970e018cd94284d1,cscw19-1-imageAndDescription-label,2019-03-13 14:24:13.58,touch screen motorcycle ,3VLL1PIENQV1KON3OCQGKY9XIYFZOR,unusable,AGC3T6724JUAF,24,ham
49bfcd95945b40f9820858fd1a17659f,cscw19-1-imageAndDescription-label,2019-03-13 14:30:57.042,Touch screen computer case,3VLL1PIENQV1KON3OCQGKY9XIYFZOR,unusable,AGC3T6724JUAF,26,ham
84ac384f48d44748948d7c9ab597f4ba,cscw19-1-description-label,2019-03-13 21:48:45.521,A touch screen kitchen table,3IHWR4LC7DKC46BDHRDYNHG77GHI8I,unusable,A1RCQT5Z8PHTWJ,28,ham
1717290a6ca644a3aae0b3c7920e4ab2,cscw19-1-imageAndDescription-label,2019-03-13 14:15:18.763,an idea about fridge screen.,3VLL1PIENQV1KON3OCQGKY9XIYFZOR,unusable,AGC3T6724JUAF,28,ham
50b5929f0dad4ced9b3ffaf59b396505,cscw19-1-imageAndDescription-label,2019-03-13 14:27:27.244,touch screen kitchen counter,3VLL1PIENQV1KON3OCQGKY9XIYFZOR,unusable,AGC3T6724JUAF,28,ham
ebf1d35472a34a9bbf9baf770c5d3356,cscw19-1-description-label,2019-03-13 21:45:32.369,A touch screen refrigerator. ,3IHWR4LC7DKC46BDHRDYNHG77GHI8I,unusable,A1RCQT5Z8PHTWJ,29,ham
ce8a20c38fa9477b997f9b2b9e98f234,cscw19-1-imageAndDescription-label,2019-03-13 14:25:06.106,floating touch screen monitor,3VLL1PIENQV1KON3OCQGKY9XIYFZOR,unusable,AGC3T6724JUAF,29,ham
27e1f211ea7e4662a19830448ae27cd5,cscw19-1-description-label,2019-03-13 21:51:59.016,Touch screen bathroom counter,3IHWR4LC7DKC46BDHRDYNHG77GHI8I,unusable,A1RCQT5Z8PHTWJ,29,ham
1608adf52cc843b7a6452aaead6f0fe9,cscw19-1-imageAndDescription-label,2019-03-13 14:32:37.039,Touch screen store door knobs,3VLL1PIENQV1KON3OCQGKY9XIYFZOR,unusable,AGC3T6724JUAF,29,ham
b52789a028ac4c519a7b12f194909f08,cscw19-1-description-label,2019-03-13 21:47:40.245,A touch screen bedroom dresser,3IHWR4LC7DKC46BDHRDYNHG77GHI8I,unusable,A1RCQT5Z8PHTWJ,30,ham
1d74f0c8d7cf442b86596dff87472c5e,cscw19-1-description-label,2019-03-13 21:43:38.602,A touch screen bathroom mirror.,3IHWR4LC7DKC46BDHRDYNHG77GHI8I,unusable,A1RCQT5Z8PHTWJ,31,ham
c389a5b11ef74d00b936869d33226b29,cscw19-1-imageAndDescription-label,2019-03-13 14:16:14.758,A touch display bathroom shower.,3VLL1PIENQV1KON3OCQGKY9XIYFZOR,unusable,AGC3T6724JUAF,32,ham
3673d5a6c8fb47dc9f1977cb04fc89c5,cscw19-1-imageAndDescription-label,2019-03-13 13:43:11.762,An idea is books,3VLL1PIENQV1KON3OCQGKY9XIYFZOR,unusable,A2L9G4YBBC7Z99,16,spam
030c1412e101474e9dbc6ff09f2d5c0b,cscw19-1-imageAndDescription-label,2019-03-13 13:56:35.165,An idea is plants,3VLL1PIENQV1KON3OCQGKY9XIYFZOR,unusable,A2L9G4YBBC7Z99,17,spam
2dd199f892904db39bfb9e3ecff3c155,cscw19-1-imageAndDescription-label,2019-03-13 13:58:46.945,An idea is plants,3VLL1PIENQV1KON3OCQGKY9XIYFZOR,unusable,A2L9G4YBBC7Z99,17,spam
6d7fa8731a6844cd91731092b8fc53a7,cscw19-1-imageAndDescription-label,2019-03-13 13:43:39.049,An idea is plants,3VLL1PIENQV1KON3OCQGKY9XIYFZOR,unusable,A2L9G4YBBC7Z99,17,spam
70a0d41df79f4f668bcffa9e36c70c91,cscw19-1-imageAndDescription-label,2019-03-13 13:42:02.925,An idea is plants,3VLL1PIENQV1KON3OCQGKY9XIYFZOR,unusable,A2L9G4YBBC7Z99,17,spam
760db0d1c59e4a5d9b06a6560b3246cb,cscw19-1-imageAndDescription-label,2019-03-13 13:54:36.404,An idea is plants,3VLL1PIENQV1KON3OCQGKY9XIYFZOR,unusable,A2L9G4YBBC7Z99,17,spam
7a15ebc8f68a4eb289fc43ab639ceff6,cscw19-1-imageAndDescription-label,2019-03-13 13:56:10.596,An idea is plants,3VLL1PIENQV1KON3OCQGKY9XIYFZOR,unusable,A2L9G4YBBC7Z99,17,spam
85b4e80cd9844eab91329d4501923f6b,cscw19-1-imageAndDescription-label,2019-03-13 13:52:27.853,An idea is plants,3VLL1PIENQV1KON3OCQGKY9XIYFZOR,unusable,A2L9G4YBBC7Z99,17,spam
9c001fffd571480092ade08ec90cb476,cscw19-1-imageAndDescription-label,2019-03-13 13:49:43.44,An idea is plants,3VLL1PIENQV1KON3OCQGKY9XIYFZOR,unusable,A2L9G4YBBC7Z99,17,spam
9c209157775e441e8c5825df4be74981,cscw19-1-imageAndDescription-label,2019-03-13 13:58:14.009,An idea is plants,3VLL1PIENQV1KON3OCQGKY9XIYFZOR,unusable,A2L9G4YBBC7Z99,17,spam
b1c78b9661694b77bdafe1408e10f58c,cscw19-1-imageAndDescription-label,2019-03-13 13:40:44.45,An idea is plants,3VLL1PIENQV1KON3OCQGKY9XIYFZOR,unusable,A2L9G4YBBC7Z99,17,spam
bfa15428f6e240dab6b168a98ae989cb,cscw19-1-imageAndDescription-label,2019-03-13 13:46:22.137,An idea is plants,3VLL1PIENQV1KON3OCQGKY9XIYFZOR,unusable,A2L9G4YBBC7Z99,17,spam
d652496c67b241c09a4d0f090681e3ed,cscw19-1-imageAndDescription-label,2019-03-13 13:54:07.757,An idea is plants,3VLL1PIENQV1KON3OCQGKY9XIYFZOR,unusable,A2L9G4YBBC7Z99,17,spam
ec90ebbe843d4cc0853746069bbd1a51,cscw19-1-imageAndDescription-label,2019-03-13 13:45:43.051,An idea is plants,3VLL1PIENQV1KON3OCQGKY9XIYFZOR,unusable,A2L9G4YBBC7Z99,17,spam
fbbc5b928cbd46feb2853c854034291a,cscw19-1-imageAndDescription-label,2019-03-13 13:39:36.461,An idea is plants,3VLL1PIENQV1KON3OCQGKY9XIYFZOR,unusable,A2L9G4YBBC7Z99,17,spam
33fbe4efbc064e4da9454f8afb69ff68,cscw19-1-description-label,2019-03-13 21:49:06.218,A touch screen desk,3IHWR4LC7DKC46BDHRDYNHG77GHI8I,unusable,A1RCQT5Z8PHTWJ,19,ham
1f16589cbafd4bdb937b0f37d0e4386c,cscw19-1-imageAndDescription-label,2019-03-13 13:49:04.238,An idea is read books,3VLL1PIENQV1KON3OCQGKY9XIYFZOR,unusable,A2L9G4YBBC7Z99,21,spam
65b240ef13eb44d8ad0b207e22d8b427,cscw19-1-imageAndDescription-label,2019-03-13 13:44:39.741,An idea is improve sports,3VLL1PIENQV1KON3OCQGKY9XIYFZOR,unusable,A2L9G4YBBC7Z99,25,spam
968e680733334aa9b9b1259ba1d8c8ef,cscw19-1-imageAndDescription-label,2019-03-13 13:51:40.005,An idea is improve sports,3VLL1PIENQV1KON3OCQGKY9XIYFZOR,unusable,A2L9G4YBBC7Z99,25,spam
6f1ea9b83bd4437295befcba5cae6f47,cscw19-1-imageAndDescription-label,2019-03-13 13:47:21.209,An idea is eat healthy food,3VLL1PIENQV1KON3OCQGKY9XIYFZOR,unusable,A2L9G4YBBC7Z99,27,spam
8de0563d591a4c87bbb9c0c26c792d69,cscw19-1-imageAndDescription-label,2019-03-13 14:13:34.455,An idea about charcoal cooking.,3VLL1PIENQV1KON3OCQGKY9XIYFZOR,unusable,AGC3T6724JUAF,31,spam
0565c635a138495fa6d540c133b3a599,cscw19-1-imageAndDescription-label,2019-03-13 13:53:36.775,An idea create daily life chart,3VLL1PIENQV1KON3OCQGKY9XIYFZOR,unusable,A2L9G4YBBC7Z99,31,spam
7492f5c528a44ffba4d0842c804bd56e,cscw19-1-imageAndDescription-label,2019-03-13 13:57:36.829,An idea create daily life chart,3VLL1PIENQV1KON3OCQGKY9XIYFZOR,unusable,A2L9G4YBBC7Z99,31,spam
1124f93813c94fca9b52cb83d5c0a236,cscw19-1-imageAndDescription-label,2019-03-13 14:14:21.103,An idea about using waste gas as fuel.,3VLL1PIENQV1KON3OCQGKY9XIYFZOR,unusable,AGC3T6724JUAF,38,spam
702610119caf4341bf54361afdc27b59,cscw19-1-imageAndDescription-label,2019-03-23 11:03:14.75,use it on light on the table .,39O0SQZVJNELXR9DX9F1N9L3JXT7RX,unreviewed,A2MR1H3PV0EDDR,30,spam
cb90cf4e8eb24ea18d03d165407ff803,cscw19-1-imageAndDescription-label,2019-03-23 09:40:05.6,keep a glass to cover something,39O0SQZVJNELXR9DX9F1N9L3JXT7RX,unreviewed,A2IQ7D8VNHWVN3,31,spam
d2d7c124f9444cdf91ea79b7fb77ced9,cscw19-1-imageAndDescription-label,2019-03-21 10:52:19.794,An idea used to creative planner.,37Y5RYYI0PCRDLFHUBJ47I3N7RISXQ,unreviewed,A3P9BLJVSMDRBZ,33,spam
ac46497f0a9b43f7b53979fd2d657c5a,cscw19-1-imageAndDescription-label,2019-03-12 16:19:07.182,Use a watch as a computer screen.,3P7RGTLO6EKHTPUGESIOWO1FP7EAKV,unreviewed,A2OVX9UW5WANQE,33,spam?
533329db17964f879d9280f766b01e37,cscw19-1-imageAndDescription-label,2019-03-23 11:00:50.28,Use it on media captain  my office.,39O0SQZVJNELXR9DX9F1N9L3JXT7RX,unreviewed,A2MR1H3PV0EDDR,35,spam?
bab5492513da4880ba2c44a273d0ceba,cscw19-1-imageAndDescription-label,2019-03-23 09:34:22.762,keep it in  a chair for make some drawings,39O0SQZVJNELXR9DX9F1N9L3JXT7RX,unreviewed,A2IQ7D8VNHWVN3,42,spam
eb586ad04dff4169b8752791134011a9,cscw19-1-imageAndDescription-label,2019-03-23 23:04:53.18,"A toy coated with material that turns its surface sensitive to touch. ... For the first time, we have been able to take a can of spray paint and put",3VGZ74AYTGN0KIVV8FT04RZAIZHCG7,unreviewed,A1PT6264PIYFCI,149,spam
0709ed0f408c4796af9e397c72cd491c,cscw19-1-imageAndDescription-label,2019-03-21 12:07:55.51,"An idea create a plans.book created in the sequence of the interested topic and plans to the sequence of the following process.cool products,system,gadgets or services on the touch display that could be build coating.",37Y5RYYI0PCRDLFHUBJ47I3N7RISXQ,unreviewed,AG5HAUJJV4OCY,217,spam
d9606e57fe4b49d98bea521a6c1e279f,cscw19-1-description-label,2019-03-23 22:42:02.177,"Surface Computing: The iDesk Final Frame Desk Gadgets, Gadgets And Gizmos, ... Weekly Innovation: Turn A 3D Printer into a Tattoo Machine Cool Gadgets, .... desks to touch screen tables, these workspaces will change the way you think ... The technology has been customized to serve architects and designers",3W5PY7V3UPENENM1CDWSYVJ9DFGJYQ,unreviewed,APHQB0WGRUJTB,306,spam
e88f1589b24a4fdf98ebed2fa6dc135d,cscw19-1-imageAndDescription-label,2019-03-13 13:55:32.653,An idea is fashion,3VLL1PIENQV1KON3OCQGKY9XIYFZOR,unusable,A2L9G4YBBC7Z99,18,spam
2f2ec920bcdf4a2a8a8e4a0c93b58623,cscw19-1-imageAndDescription-label,2019-03-13 14:12:59.278,An idea about jet engines.,3VLL1PIENQV1KON3OCQGKY9XIYFZOR,unusable,AGC3T6724JUAF,26,spam
