ID,CHALLENGE,CREATED,DESCRIPTION,HIT_ID,STATUS,WORKER_ID,LENGTH,SPAM,TRIGGERED,PREDICTION
c114408cefed4b01859b5faeca489b7a,cscw19-1-imageAndDescription-label,2019-03-21 11:08:14.571,create the drama.,37Y5RYYI0PCRDLFHUBJ47I3N7RISXQ,unreviewed,A3P9BLJVSMDRBZ,17,spam,[],Ham
d1912a535ea34b74948cc36060735444,cscw19-1-description-label,2019-03-23 11:33:58.231,my work is very hard,3JVP4ZJHDPZUMH6AMN0JU2APON4I04,unreviewed,A3AS3TZQF4X6ZK,20,spam,[],Ham
674ac0cb4d4c4f7fbaf34c782f25f690,cscw19-1-image-label,2019-03-23 11:12:35.751,TV is very important,3ZUE82NE0A8SUF9NGJ7DKK3FRTOF8X,unreviewed,ADX8Y4UXA4IDA,20,spam,[],Ham
434f87622d3f4f1697c8fd2d18c43c28,cscw19-1-imageAndDescription-label,2019-03-21 11:09:36.231,create the love song.,37Y5RYYI0PCRDLFHUBJ47I3N7RISXQ,unreviewed,A3P9BLJVSMDRBZ,21,spam,[],Ham
236878e4a5b44481a9ef5bc96ab65b9f,cscw19-1-description-label,2019-03-23 11:32:36.766,my family is very poor,3JVP4ZJHDPZUMH6AMN0JU2APON4I04,unreviewed,A3AS3TZQF4X6ZK,22,spam,[],Ham
a49cd5daf2bc493aa4d88d8fe9d0b296,cscw19-1-imageAndDescription-label,2019-03-21 11:08:39.428,create the comedy film.,37Y5RYYI0PCRDLFHUBJ47I3N7RISXQ,unreviewed,A3P9BLJVSMDRBZ,23,spam,[],Ham
4b5c0197129e4addb82933072c4aa7ea,cscw19-1-imageAndDescription-label,2019-03-21 11:07:49.916,creative the rock song.,37Y5RYYI0PCRDLFHUBJ47I3N7RISXQ,unreviewed,A3P9BLJVSMDRBZ,23,spam,[],Ham
0c069d4053294b398e85b55df1bdae34,cscw19-1-imageAndDescription-label,2019-03-21 11:09:15.834,create the couples song.,37Y5RYYI0PCRDLFHUBJ47I3N7RISXQ,unreviewed,A3P9BLJVSMDRBZ,24,spam,[],Ham
667840ca45ce4c33850bf80fb2011281,cscw19-1-imageAndDescription-label,2019-03-21 10:54:07.791,creative the album song. ,37Y5RYYI0PCRDLFHUBJ47I3N7RISXQ,unreviewed,A3P9BLJVSMDRBZ,25,spam,[],Ham
405bb5f3c0994f45962ffafdab5662ec,cscw19-1-imageAndDescription-label,2019-03-21 11:05:59.726,creative the fight movie.,37Y5RYYI0PCRDLFHUBJ47I3N7RISXQ,unreviewed,A3P9BLJVSMDRBZ,25,spam,[],Ham
90ffb278dd374b78a561411f00aee2a0,cscw19-1-image-label,2019-03-23 11:01:50.931,i like food it is healthy,3ZUE82NE0A8SUF9NGJ7DKK3FRTOF8X,unreviewed,ADX8Y4UXA4IDA,25,spam,[],Ham
bac15ca2ec9b4884a15ff96086e3f8ec,cscw19-1-imageAndDescription-label,2019-03-21 11:10:48.57,create the sentiment movie.,37Y5RYYI0PCRDLFHUBJ47I3N7RISXQ,unreviewed,A3P9BLJVSMDRBZ,27,spam,[],Ham
f6cbcd0184774b3ebc5fc21e44fab3d7,cscw19-1-imageAndDescription-label,2019-03-12 12:18:57.591,this is an idea about plant,testhit,unreviewed,testworker,27,spam,[],Ham
d15d5c5364f84e21a95b688027271ef2,cscw19-1-imageAndDescription-label,2019-03-21 11:10:08.914,create the mother love song.,37Y5RYYI0PCRDLFHUBJ47I3N7RISXQ,unreviewed,A3P9BLJVSMDRBZ,28,spam,[],Ham
5dd65d90d5c24684802f2a99fde86835,cscw19-1-imageAndDescription-label,2019-03-21 11:04:07.542,creative the art collection.,37Y5RYYI0PCRDLFHUBJ47I3N7RISXQ,unreviewed,A3P9BLJVSMDRBZ,28,spam,[],Ham
2350d4c8f4974d97b1c840870b627f76,cscw19-1-imageAndDescription-label,2019-03-21 11:06:58.932,creative the new album song.,37Y5RYYI0PCRDLFHUBJ47I3N7RISXQ,unreviewed,A3P9BLJVSMDRBZ,28,spam,[],Ham
25a67ed6c37f4d42bcd669804b5216ba,cscw19-1-imageAndDescription-label,2019-03-23 10:07:17.824,tare a cloth to catch a fish,39O0SQZVJNELXR9DX9F1N9L3JXT7RX,unreviewed,A2IQ7D8VNHWVN3,28,spam,[],Ham
af8e2e43f81341b7b21dfbbbd5de7e33,cscw19-1-imageAndDescription-label,2019-03-14 09:08:20.293,This is an idea about plants,debug,unreviewed,max,28,spam,[],Ham
18670d75c9864ab689f40183373c5d80,cscw19-1-imageAndDescription-label,2019-03-21 10:58:45.592,creative an movie collection.,37Y5RYYI0PCRDLFHUBJ47I3N7RISXQ,unreviewed,A3P9BLJVSMDRBZ,29,spam,[],Ham
a57daf690a50462f9520eed7977ac9fc,cscw19-1-description-label,2019-03-19 11:39:49.191,Using less temperature product,3IJ95K7NDXJJBMSMX52EK2TMH19NGA,unreviewed,A2MCHM4AYLASQO,30,spam,[],Ham
cd6a316054914cbdb0e0462da68cc6b6,cscw19-1-imageAndDescription-label,2019-03-21 11:11:15.101,create the relationships movie.,37Y5RYYI0PCRDLFHUBJ47I3N7RISXQ,unreviewed,A3P9BLJVSMDRBZ,31,spam,[],Ham
43ff820db8da44dab8bf2a861e14a84b,cscw19-1-image-label,2019-03-23 11:01:19.111,i like mobile it is very useful,3ZUE82NE0A8SUF9NGJ7DKK3FRTOF8X,unreviewed,ADX8Y4UXA4IDA,31,spam,[],Ham
9faae2ab0a024f68a00800e7774234bc,cscw19-1-imageAndDescription-label,2019-03-12 14:02:03.59,Idea about growing teres garden,3NFWQRSHVEL7NUF5ZHJ1CXKDF66GF7,unreviewed,A3UZIW8HF28L9E,31,spam,[],Ham
5b46f627bee64cfc831f9224cb9f0195,cscw19-1-description-label,2019-03-23 11:32:07.222,Vijayanagar is most powerful god,3JVP4ZJHDPZUMH6AMN0JU2APON4I04,unreviewed,A3AS3TZQF4X6ZK,32,spam,[],Ham
c5f475db1e524d7d954646929d50e62e,cscw19-1-image-label,2019-03-23 11:14:43.169,i like movie  watching in theater,3ZUE82NE0A8SUF9NGJ7DKK3FRTOF8X,unreviewed,ADX8Y4UXA4IDA,33,spam,[],Ham
ed72f5330cfb401b8f504a444a766814,cscw19-1-imageAndDescription-label,2019-03-21 11:00:16.619,creative the folk song collection.,37Y5RYYI0PCRDLFHUBJ47I3N7RISXQ,unreviewed,A3P9BLJVSMDRBZ,34,spam,[],Ham
af5f0ebf0755473cb72780f1f3477fab,cscw19-1-imageAndDescription-label,2019-03-23 09:35:52.423,cut a bottle to make it as a stand,39O0SQZVJNELXR9DX9F1N9L3JXT7RX,unreviewed,A2IQ7D8VNHWVN3,34,spam,[],Ham
1400cef473244211b58d1e956fd4b07c,cscw19-1-imageAndDescription-label,2019-03-21 10:53:09.759,create the book an used the method.,37Y5RYYI0PCRDLFHUBJ47I3N7RISXQ,unreviewed,A3P9BLJVSMDRBZ,35,spam,[],Ham
49dd49c21a1740d78af3d3e1a451d0fe,cscw19-1-imageAndDescription-label,2019-03-23 09:41:52.299,make phone cover using colour paper,39O0SQZVJNELXR9DX9F1N9L3JXT7RX,unreviewed,A2IQ7D8VNHWVN3,35,spam,[],Ham
a228dc9f59df45b98d469c718fd465af,cscw19-1-imageAndDescription-label,2019-03-21 11:03:29.378,creative the horror film collection.,37Y5RYYI0PCRDLFHUBJ47I3N7RISXQ,unreviewed,A3P9BLJVSMDRBZ,36,spam,[],Ham
24bca9119f4647239b084fd2e0f19105,cscw19-1-imageAndDescription-label,2019-03-21 10:59:39.429,creative the melody song collection.,37Y5RYYI0PCRDLFHUBJ47I3N7RISXQ,unreviewed,A3P9BLJVSMDRBZ,36,spam,[],Ham
18666bcaa5724a6dbfaa85f63e754662,cscw19-1-imageAndDescription-label,2019-03-21 11:01:17.07,creative the hip pop song collection.,37Y5RYYI0PCRDLFHUBJ47I3N7RISXQ,unreviewed,A3P9BLJVSMDRBZ,37,spam,[],Ham
d0f0dcffd6424419b38651a07cbdf34b,cscw19-1-imageAndDescription-label,2019-03-21 11:02:39.353,creative an romantic movie collection.,37Y5RYYI0PCRDLFHUBJ47I3N7RISXQ,unreviewed,A3P9BLJVSMDRBZ,38,spam,[],Ham
d8cab41a48e044c9816f25a81cde162b,cscw19-1-imageAndDescription-label,2019-03-21 11:05:15.469,creative the romantic song collection.,37Y5RYYI0PCRDLFHUBJ47I3N7RISXQ,unreviewed,A3P9BLJVSMDRBZ,38,spam,[],Ham
75c732df49fa449ab01c7dbb95d5a54a,cscw19-1-imageAndDescription-label,2019-03-23 09:40:50.11,built a house with your old repaired bus,39O0SQZVJNELXR9DX9F1N9L3JXT7RX,unreviewed,A2IQ7D8VNHWVN3,40,spam,[],Ham
629bded6b5424d56993aef660fd20558,cscw19-1-description-label,2019-03-19 11:42:43.482,Using coating product was less expensive,3IJ95K7NDXJJBMSMX52EK2TMH19NGA,unreviewed,A2MCHM4AYLASQO,40,spam,[],Ham
b52fdc6a2fe845d2bcded4f054e7da41,cscw19-1-imageAndDescription-label,2019-03-23 09:52:44.928,we need to improve to our health services,39O0SQZVJNELXR9DX9F1N9L3JXT7RX,unreviewed,A3L2UXYEVOU5UI,41,spam,[],Ham
94452a302d434677a9bf41c009722613,cscw19-1-imageAndDescription-label,2019-03-12 13:54:58.035,I have a new idea about digital advertising,3NFWQRSHVEL7NUF5ZHJ1CXKDF66GF7,unreviewed,A3UZIW8HF28L9E,43,spam,[],Ham
6c53b40f09064e60b16c8bf37d837869,cscw19-1-imageAndDescription-label,2019-03-23 09:29:02.138,brain strom disease have been increased today,39O0SQZVJNELXR9DX9F1N9L3JXT7RX,unreviewed,ABI7LAZ5192UL,45,spam,[],Ham
50a29f16d24343c480944647da2a1d5c,cscw19-1-imageAndDescription-label,2019-03-23 09:51:05.31,we need to improve our system qualities for future,39O0SQZVJNELXR9DX9F1N9L3JXT7RX,unreviewed,A3L2UXYEVOU5UI,50,spam,[],Ham
d2d545fb1978460c88f4e08ab7124c60,cscw19-1-imageAndDescription-label,2019-03-23 09:49:48.652,now a days gadgets lot important in our people life,39O0SQZVJNELXR9DX9F1N9L3JXT7RX,unreviewed,A3L2UXYEVOU5UI,51,spam,[],Ham
1e3acb5457014fc285875192e63dba26,cscw19-1-imageAndDescription-label,2019-03-21 10:57:40.669,creative the short film and every one should view it.,37Y5RYYI0PCRDLFHUBJ47I3N7RISXQ,unreviewed,A3P9BLJVSMDRBZ,53,spam,[],Ham
218f43a86fcf4e4b99843b9b2019b985,cscw19-1-imageAndDescription-label,2019-03-23 09:33:22.663,an different antibotics have to describe for the disease,39O0SQZVJNELXR9DX9F1N9L3JXT7RX,unreviewed,ABI7LAZ5192UL,56,spam,[],Ham
1c571c437f344bc58e1e42cac07c7f41,cscw19-1-imageAndDescription-label,2019-03-21 12:12:37.72,books is very important many knowledge to the art image.,37Y5RYYI0PCRDLFHUBJ47I3N7RISXQ,unreviewed,AG5HAUJJV4OCY,56,spam,[],Ham
8e6bb4735ce8418cb0cadea95855ac02,cscw19-1-imageAndDescription-label,2019-03-23 09:46:43.532,brain storm people need to more awareness  about disease ,39O0SQZVJNELXR9DX9F1N9L3JXT7RX,unreviewed,A3L2UXYEVOU5UI,57,spam,[],Ham
50a62eab476c4d9aa6687678a260d7b2,cscw19-1-description-label,2019-03-19 11:58:52.443,clean the display regularly then it will works flawlessly ,3IJ95K7NDXJJBMSMX52EK2TMH19NGA,unreviewed,A1IBQ7MUUTWLS9,58,spam,[],Ham
ee00ad09c91a4a2ab8afd196b76e1865,cscw19-1-imageAndDescription-label,2019-03-21 12:09:12.481,book is important to all.so many knowledge have in the ways. ,37Y5RYYI0PCRDLFHUBJ47I3N7RISXQ,unreviewed,AG5HAUJJV4OCY,61,spam,[],Ham
bc3cf60c0b074f4c977eff3372f98ceb,cscw19-1-imageAndDescription-label,2019-03-23 09:43:28.796,we need to  improve services hospital for  brainstorm people ,39O0SQZVJNELXR9DX9F1N9L3JXT7RX,unreviewed,A3L2UXYEVOU5UI,61,spam,[],Ham
1ad013f2780f4ac7bb4a27b3aefa5e49,cscw19-1-imageAndDescription-label,2019-03-21 12:14:58.289,fashion designer important also same as many design set this page.,37Y5RYYI0PCRDLFHUBJ47I3N7RISXQ,unreviewed,AG5HAUJJV4OCY,66,spam,[],Ham
d54110268ac1478bb352f8848f6fda6b,cscw19-1-imageAndDescription-label,2019-03-23 09:41:38.705,we need to improve the gadgets in upper level class in all our countries,39O0SQZVJNELXR9DX9F1N9L3JXT7RX,unreviewed,A3L2UXYEVOU5UI,72,spam,[],Ham
c4b5312a13de47c88d3038f64d567bb2,cscw19-1-imageAndDescription-label,2019-03-21 12:19:05.094,Brainstorm cool products gadgets ideas available products gadgets process.,37Y5RYYI0PCRDLFHUBJ47I3N7RISXQ,unreviewed,AG5HAUJJV4OCY,74,spam,[],Ham
4cfe6d28c5e540dfa1ef29c22045fb90,cscw19-1-imageAndDescription-label,2019-03-23 09:32:31.046,the new ways or treatment to avoid brainstrom have to  develop in technology,39O0SQZVJNELXR9DX9F1N9L3JXT7RX,unreviewed,ABI7LAZ5192UL,76,spam,[],Ham
65b4955a080e4af693dcfda61d806bd7,cscw19-1-imageAndDescription-label,2019-03-21 12:16:07.1,biscuit is very clean and health prepared on the products healthy food available.,37Y5RYYI0PCRDLFHUBJ47I3N7RISXQ,unreviewed,AG5HAUJJV4OCY,81,spam,[],Ham
4302bfe2d6294c3ea3ea6b9782055f67,cscw19-1-imageAndDescription-label,2019-03-21 12:14:10.924,food is important to all. food picture is available part on the idea.graphic image.,37Y5RYYI0PCRDLFHUBJ47I3N7RISXQ,unreviewed,AG5HAUJJV4OCY,83,spam,[],Ham
c1cd18efb3bd45b4b8493a5da19809c4,cscw19-1-imageAndDescription-label,2019-03-21 12:10:47.775,movies created in director on the process.many information gathered in nice images.,37Y5RYYI0PCRDLFHUBJ47I3N7RISXQ,unreviewed,AG5HAUJJV4OCY,83,spam,[],Ham
f3644efdbe7b4e9faac7925644a74ab2,cscw19-1-imageAndDescription-label,2019-03-23 09:39:27.532,we can also introduce some of the healthy and taste juice for increase the product  quality,39O0SQZVJNELXR9DX9F1N9L3JXT7RX,unreviewed,ABI7LAZ5192UL,91,spam,[],Ham
3180436eab8f47f8b49508c1e930a33a,cscw19-1-imageAndDescription-label,2019-03-23 09:48:50.162,brainstorm is very bad thing for patients we need ti improve lot things in our medical services,39O0SQZVJNELXR9DX9F1N9L3JXT7RX,unreviewed,A3L2UXYEVOU5UI,95,spam,[],Ham
f036e700529e4a47a842bc746b99c468,cscw19-1-imageAndDescription-label,2019-03-23 09:46:54.932, taking a ventilation process for step of brain strom should be avoid and take a other type of usage behalf that,39O0SQZVJNELXR9DX9F1N9L3JXT7RX,unreviewed,ABI7LAZ5192UL,112,spam,[],Ham
4e3157c1e4ab4b65bba6b59ef031157c,cscw19-1-image-label,2019-03-23 11:00:37.247,i like computer it is very useful and it is more important from this world and in the system is very very important,3ZUE82NE0A8SUF9NGJ7DKK3FRTOF8X,unreviewed,ADX8Y4UXA4IDA,115,spam,[],Ham
76a58d97462b413ebec06b0da9f81ce7,cscw19-1-description-label,2019-03-23 10:53:25.512,Drawing is a form of visual art in which a person uses various drawing instruments to mark paper or another two-dimensional medium.,3JVP4ZJHDPZUMH6AMN0JU2APON4I04,unreviewed,A3HKX6MMLYJPWX,131,spam,[],Ham
dac712652f0045f6ad174e138aa6978d,cscw19-1-imageAndDescription-label,2019-03-23 10:44:28.717,"a written or printed work consisting of pages glued or sewn together along one side and bound in covers, a bound set of blank sheet.",3JVP4ZJHDPZUMH6AMN0JU2APON4I04,unreviewed,AHDY3BLTTUYFG,132,spam,[],Ham
bbacdbfed5aa4475b3cd04e809db73d2,cscw19-1-imageAndDescription-label,2019-03-23 10:58:36.342,"The sea, the world ocean or simply the ocean is the connected body of salty water that covers over 70 percent of the Earth's surface.",3JVP4ZJHDPZUMH6AMN0JU2APON4I04,unreviewed,AHDY3BLTTUYFG,133,spam,[],Ham
d0b33af15a7043acaf09dbf0f86d5cf6,cscw19-1-description-label,2019-03-23 22:55:51.534,"In nearly every field one can imagine, and some that are just emerging, the importance of design has never been greater. In all areas of manu- facturing,.",3W5PY7V3UPENENM1CDWSYVJ9DFGJYQ,unreviewed,APHQB0WGRUJTB,154,spam,[],Ham
e3ad5af46fed4204af4c51d6023c3df3,cscw19-1-description-label,2019-03-23 10:46:46.116,"Home appliances, also known as domestic appliances, are electrical machines which helps in household functions, such as cooking, cleaning or food preservation. ",3JVP4ZJHDPZUMH6AMN0JU2APON4I04,unreviewed,A2P2SUJ6F18W1B,160,spam,[],Ham
831a01f2d22d4578906efa5f2e984183,cscw19-1-image-label,2019-03-23 09:55:32.939,Plastic is material consisting of any of a wide range of synthetic or semi-synthetic organic compounds that are malleable and so can be molded into solid objects.,3ZUE82NE0A8SUF9NGJ7DKK3FRTOF8X,unreviewed,A3QMED18F7JJWE,162,spam,[],Ham
e0ff3d85fade4888860d1ec5a5098fd8,cscw19-1-image-label,2019-03-23 09:53:27.791,"In botany, a fruit is the seed-bearing structure in flowering plants formed from the ovary after flowering. Fruits are the means by which angiosperms disseminate seeds.",3ZUE82NE0A8SUF9NGJ7DKK3FRTOF8X,unreviewed,A3QMED18F7JJWE,168,spam,[],Ham
6cbf8d9d3fe147fd8c2521134a0da6f5,cscw19-1-imageAndDescription-label,2019-03-24 01:18:00.714,"Create a work environment you feel good in. And that includes investing in professional office equipment and furniture. Experience, training or licensing may be needed for started a new company ",3VGZ74AYTGN0KIVV8FT04RZAIZHCG7,unreviewed,A1EY3YKOC2DVBU,194,spam,[],Ham
923420fe3f654485bc9e1c7764f34353,cscw19-1-image-label,2019-03-23 09:36:14.536,"Held captive for years in an enclosed space, a woman (Brie Larson) and her young son (Jacob Tremblay) finally gain their freedom, allowing the boy to experience the outside world for the first time.",3ZUE82NE0A8SUF9NGJ7DKK3FRTOF8X,unreviewed,A3QMED18F7JJWE,198,spam,[],Ham
0b36b9c28cf141c7ad49b2f3e92b5bd3,cscw19-1-description-label,2019-03-23 10:50:55.265,"Cosmetics are substances or products used to enhance or alter the appearance of the face or fragrance and texture of the body. Many cosmetics are designed for use of applying to the face, hair, and body.",3JVP4ZJHDPZUMH6AMN0JU2APON4I04,unreviewed,A1IV1O890FN1QA,203,spam,[],Ham
15ae07b95f9d4059873c7cc2f0eeb4b1,cscw19-1-image-label,2019-03-23 10:32:07.392,"Cosmetics are substances or products used to enhance or alter the appearance of the face or fragrance and texture of the body. Many cosmetics are designed for use of applying to the face, hair, and body.",3ZUE82NE0A8SUF9NGJ7DKK3FRTOF8X,unreviewed,AXHFWTX0LTTOP,203,spam,[],Ham
2484ca02c8e04d5cb1d7da7d978a6b19,cscw19-1-image-label,2019-03-23 10:49:09.888,"Cosmetics are substances or products used to enhance or alter the appearance of the face or fragrance and texture of the body. Many cosmetics are designed for use of applying to the face, hair, and body.",3ZUE82NE0A8SUF9NGJ7DKK3FRTOF8X,unreviewed,ALBWW1QT4IPU2,203,spam,[],Ham
711b222fd57e44a2a66937317e5053ea,cscw19-1-imageAndDescription-label,2019-03-23 10:49:18.759,"Cosmetics are substances or products used to enhance or alter the appearance of the face or fragrance and texture of the body. Many cosmetics are designed for use of applying to the face, hair, and body.",3JVP4ZJHDPZUMH6AMN0JU2APON4I04,unreviewed,AHDY3BLTTUYFG,203,spam,[],Ham
892648aa581b4e7eb9fb09b9cc5c31db,cscw19-1-description-label,2019-03-23 10:44:46.323,"Cosmetics are substances or products used to enhance or alter the appearance of the face or fragrance and texture of the body. Many cosmetics are designed for use of applying to the face, hair, and body. ",3JVP4ZJHDPZUMH6AMN0JU2APON4I04,unreviewed,A2P2SUJ6F18W1B,204,spam,[],Ham
08ff68dc4d764b4a8908025f5362bdef,cscw19-1-image-label,2019-03-23 23:11:34.914,"powder coating made of refined plastics can also achieve this phenomenon,when the powder coating dries off on the surface ,it becomes rock hard and with some sort of technology it will be use-able like a touch screen",3L7SUC0TTU1GI0W172YBMVH65WWM0W,unreviewed,A3N17E39KZOQX0,216,spam,[],Ham
9fdf06fe2e944757a17facbfa0f860a2,cscw19-1-imageAndDescription-label,2019-03-12 18:34:16.247,Think about climate change. The climate is changing too quickly. I've noticed this things very often. Last decade I noticed very changes. I can't believe this climate change. We should take necessary action for this.,testhit,unreviewed,testworker,216,spam,[],Ham
7bd99dc72ce242f99900d33901d805fd,cscw19-1-description-label,2019-03-23 10:55:02.618,"Jewellery or jewelry consists of small decorative items worn for personal adornment, such as brooches, rings, necklaces, earrings, pendants, bracelets, and cufflinks. Jewellery may be attached to the body or the clothes",3JVP4ZJHDPZUMH6AMN0JU2APON4I04,unreviewed,A3AGF9EJPNNZH5,219,spam,[],Ham
e63ceb106fb94cac8128addecdf43ce0,cscw19-1-imageAndDescription-label,2019-03-23 10:52:04.339,"Jewellery or jewelry consists of small decorative items worn for personal adornment, such as brooches, rings, necklaces, earrings, pendants, bracelets, and cufflinks. Jewellery may be attached to the body or the clothes",3JVP4ZJHDPZUMH6AMN0JU2APON4I04,unreviewed,AHDY3BLTTUYFG,219,spam,[],Ham
281da35d6e734f098db2eaa51a01d8d8,cscw19-1-description-label,2019-03-23 10:54:15.177,"Jewellery or jewelry consists of small decorative items worn for personal adornment, such as brooches, rings, necklaces, earrings, pendants, bracelets, and cufflinks. Jewellery may be attached to the body or the clothes. ",3JVP4ZJHDPZUMH6AMN0JU2APON4I04,unreviewed,A2P2SUJ6F18W1B,221,spam,[],Ham
ad8c233827344a898b4255b3805b07c8,cscw19-1-image-label,2019-03-23 23:07:20.836,"aluminum chassis in liquid form can also be used to turn any surface to touch display, the aluminium is grounded and mixed with a  kind of chemical so that it can turn to liquid ,this liquid can then be applied like a paint",3L7SUC0TTU1GI0W172YBMVH65WWM0W,unreviewed,A3N17E39KZOQX0,223,spam,[],Ham
8d97ac0231f64d01b3be74f4166d38ba,cscw19-1-image-label,2019-03-23 23:03:24.781,"Polyester can also be used to to turn any surface into a touch display ,the polyester can be wrapped around the surface and a technology makes the polyester stay firm on the surface without shifting at all making the surface usable",3L7SUC0TTU1GI0W172YBMVH65WWM0W,unreviewed,A3N17E39KZOQX0,231,spam,[],Ham
05cd7949cd834eacb39fde9c737e5d85,cscw19-1-image-label,2019-03-23 22:58:57.442,"a type of futuristic surface paint with nano technology can help turn any surface into a touch display,the nano technology will be mixed in the paint and once it is activated it bonds together with the liquid to form a smooth surface",3L7SUC0TTU1GI0W172YBMVH65WWM0W,unreviewed,A3N17E39KZOQX0,233,spam,[],Ham
accbdc66576142ccbc9a32f040bba73e,cscw19-1-description-label,2019-03-19 11:55:55.523,we must clean a display everyday because there is so many usage in screen it will leads to dirty on it. First you wipe a dust and later use lotions to clean a gadgets some of the systems can deliver the same functions so we have clean everyday,3IJ95K7NDXJJBMSMX52EK2TMH19NGA,unreviewed,A1IBQ7MUUTWLS9,243,spam,[],Ham
e741b6fe30f84987908df9e8b22351af,cscw19-1-image-label,2019-03-23 10:25:18.309,"A mobile phone, cell phone, cellphone, or hand phone, sometimes shortened to simply mobile, cell or just phone, is a portable telephone that can make and receive calls over a radio frequency link while the user is moving within a telephone service area",3ZUE82NE0A8SUF9NGJ7DKK3FRTOF8X,unreviewed,AXHFWTX0LTTOP,252,spam,[],Ham
927ac08d66b54ba6bd736e93b30aa05f,cscw19-1-description-label,2019-03-23 10:57:59.572,"Plants are mainly multicellular, predominantly photosynthetic eukaryotes of the kingdom Plantae. Historically, plants were treated as one of two kingdoms including all living things that were not animals, and all algae and fungi were treated as plants. ",3JVP4ZJHDPZUMH6AMN0JU2APON4I04,unreviewed,A2P2SUJ6F18W1B,253,spam,[],Ham
ff804fdf14a945d2841cdf6cda41e644,cscw19-1-image-label,2019-03-23 09:38:42.618,"Inspire means to excite, encourage, or breathe life into. Inspire comes from the Latin word that means to inflame or to blow in to. When you inspire something, it is as if you are blowing air over a low flame to make it grow. A film can be inspired by a true story.",3ZUE82NE0A8SUF9NGJ7DKK3FRTOF8X,unreviewed,A3QMED18F7JJWE,265,spam,[],Ham
ace53b346d5a46aa9c269eb86672a689,cscw19-1-image-label,2019-03-23 09:46:38.878,"Rabbits are small mammals in the family Leporidae of the order Lagomorpha. Oryctolagus cuniculus includes the European rabbit species and its descendants, the world's 305 breeds of domestic rabbit. Sylvilagus includes 13 wild rabbit species, among them the 7 types of cottontail. ",3ZUE82NE0A8SUF9NGJ7DKK3FRTOF8X,unreviewed,A3QMED18F7JJWE,280,spam,[],Ham
a108198f97114f45aedfe491e7ed57fc,cscw19-1-imageAndDescription-label,2019-03-23 10:56:31.569,"Animals are multicellular eukaryotic organisms that form the biological kingdom Animalia. With few exceptions, animals consume organic material, breathe oxygen, are able to move, can reproduce sexually, and grow from a hollow sphere of cells, the blastula, during embryonic development",3JVP4ZJHDPZUMH6AMN0JU2APON4I04,unreviewed,AHDY3BLTTUYFG,285,spam,[],Ham
cbd13494f762421790d7fec8339e34e6,cscw19-1-description-label,2019-03-23 10:56:41.554,"Animals are multicellular eukaryotic organisms that form the biological kingdom Animalia. With few exceptions, animals consume organic material, breathe oxygen, are able to move, can reproduce sexually, and grow from a hollow sphere of cells, the blastula, during embryonic development. ",3JVP4ZJHDPZUMH6AMN0JU2APON4I04,unreviewed,A2P2SUJ6F18W1B,287,spam,[],Ham
96bc4adf0bc64ded899546a01d5d2129,cscw19-1-image-label,2019-03-23 09:33:07.472,"Furniture refers to movable objects intended to support various human activities such as seating, eating, and sleeping. Furniture is also used to hold objects at a convenient height for work, or to store things. Furniture can be a product of design and is considered a form of decorative art. ",3ZUE82NE0A8SUF9NGJ7DKK3FRTOF8X,unreviewed,A3QMED18F7JJWE,293,spam,[],Ham
6a00ab2548234dc9b9936723d551dee9,cscw19-1-description-label,2019-03-23 10:44:38.441,"In botany, a tree is a perennial plant with an elongated stem, or trunk, supporting branches and leaves in most species. In some usages, the definition of a tree may be narrower, including only woody plants with secondary growth, plants that are usable as lumber or plants above a specified height",3JVP4ZJHDPZUMH6AMN0JU2APON4I04,unreviewed,A1IV1O890FN1QA,297,spam,[],Ham
daf830af8ee64a4ca535982fb01cf031,cscw19-1-description-label,2019-03-23 10:46:46.003,"In botany, a tree is a perennial plant with an elongated stem, or trunk, supporting branches and leaves in most species. In some usages, the definition of a tree may be narrower, including only woody plants with secondary growth, plants that are usable as lumber or plants above a specified height",3JVP4ZJHDPZUMH6AMN0JU2APON4I04,unreviewed,A3AGF9EJPNNZH5,297,spam,[],Ham
4617e8ab62414859ac7e7f76c82abac4,cscw19-1-description-label,2019-03-23 10:39:42.675,"In botany, a tree is a perennial plant with an elongated stem, or trunk, supporting branches and leaves in most species. In some usages, the definition of a tree may be narrower, including only woody plants with secondary growth, plants that are usable as lumber or plants above a specified height. ",3JVP4ZJHDPZUMH6AMN0JU2APON4I04,unreviewed,A2P2SUJ6F18W1B,299,spam,[],Ham
81b65a65d5854a6cbd4c11b509b01efa,cscw19-1-description-label,2019-03-23 10:55:28.927,"Blue is one of the three primary colours of pigments in painting and traditional colour theory, as well as in the RGB colour model. It lies between violet and green on the spectrum of visible light. The eye perceives blue when observing light with a dominant wavelength between approximately 450 and 495 nanometres. ",3JVP4ZJHDPZUMH6AMN0JU2APON4I04,unreviewed,A3HKX6MMLYJPWX,316,spam,[],Ham
cc5e03bd12b24ec7bebf2a278113bd0c,cscw19-1-imageAndDescription-label,2019-03-24 01:06:27.273,"first plan our business and then choose a business structure. Tax Preparation and Bookkeeping. and success in the business world depends upon the ability to carve out a unique niche in the marketplace. we are social Media Consultant Affiliate Marketing, accounting, tax prep, bookkeeping, payroll services is more profitable business. Experience, training or licensing may be needed for started company ",3VGZ74AYTGN0KIVV8FT04RZAIZHCG7,unreviewed,A1EY3YKOC2DVBU,403,spam,[],Ham
ce8a20c38fa9477b997f9b2b9e98f234,cscw19-1-imageAndDescription-label,2019-03-13 14:25:06.106,floating touch screen monitor,3VLL1PIENQV1KON3OCQGKY9XIYFZOR,unusable,AGC3T6724JUAF,29,ham,[],Ham
1f16589cbafd4bdb937b0f37d0e4386c,cscw19-1-imageAndDescription-label,2019-03-13 13:49:04.238,An idea is read books,3VLL1PIENQV1KON3OCQGKY9XIYFZOR,unusable,A2L9G4YBBC7Z99,21,spam,[],Ham
65b240ef13eb44d8ad0b207e22d8b427,cscw19-1-imageAndDescription-label,2019-03-13 13:44:39.741,An idea is improve sports,3VLL1PIENQV1KON3OCQGKY9XIYFZOR,unusable,A2L9G4YBBC7Z99,25,spam,[],Ham
968e680733334aa9b9b1259ba1d8c8ef,cscw19-1-imageAndDescription-label,2019-03-13 13:51:40.005,An idea is improve sports,3VLL1PIENQV1KON3OCQGKY9XIYFZOR,unusable,A2L9G4YBBC7Z99,25,spam,[],Ham
6f1ea9b83bd4437295befcba5cae6f47,cscw19-1-imageAndDescription-label,2019-03-13 13:47:21.209,An idea is eat healthy food,3VLL1PIENQV1KON3OCQGKY9XIYFZOR,unusable,A2L9G4YBBC7Z99,27,spam,[],Ham
0565c635a138495fa6d540c133b3a599,cscw19-1-imageAndDescription-label,2019-03-13 13:53:36.775,An idea create daily life chart,3VLL1PIENQV1KON3OCQGKY9XIYFZOR,unusable,A2L9G4YBBC7Z99,31,spam,[],Ham
7492f5c528a44ffba4d0842c804bd56e,cscw19-1-imageAndDescription-label,2019-03-13 13:57:36.829,An idea create daily life chart,3VLL1PIENQV1KON3OCQGKY9XIYFZOR,unusable,A2L9G4YBBC7Z99,31,spam,[],Ham
1124f93813c94fca9b52cb83d5c0a236,cscw19-1-imageAndDescription-label,2019-03-13 14:14:21.103,An idea about using waste gas as fuel.,3VLL1PIENQV1KON3OCQGKY9XIYFZOR,unusable,AGC3T6724JUAF,38,spam,[],Ham
cb90cf4e8eb24ea18d03d165407ff803,cscw19-1-imageAndDescription-label,2019-03-23 09:40:05.6,keep a glass to cover something,39O0SQZVJNELXR9DX9F1N9L3JXT7RX,unreviewed,A2IQ7D8VNHWVN3,31,spam,[],Ham
d2d7c124f9444cdf91ea79b7fb77ced9,cscw19-1-imageAndDescription-label,2019-03-21 10:52:19.794,An idea used to creative planner.,37Y5RYYI0PCRDLFHUBJ47I3N7RISXQ,unreviewed,A3P9BLJVSMDRBZ,33,spam,[],Ham
ac46497f0a9b43f7b53979fd2d657c5a,cscw19-1-imageAndDescription-label,2019-03-12 16:19:07.182,Use a watch as a computer screen.,3P7RGTLO6EKHTPUGESIOWO1FP7EAKV,unreviewed,A2OVX9UW5WANQE,33,spam?,[],Ham
533329db17964f879d9280f766b01e37,cscw19-1-imageAndDescription-label,2019-03-23 11:00:50.28,Use it on media captain  my office.,39O0SQZVJNELXR9DX9F1N9L3JXT7RX,unreviewed,A2MR1H3PV0EDDR,35,spam?,[],Ham
bab5492513da4880ba2c44a273d0ceba,cscw19-1-imageAndDescription-label,2019-03-23 09:34:22.762,keep it in  a chair for make some drawings,39O0SQZVJNELXR9DX9F1N9L3JXT7RX,unreviewed,A2IQ7D8VNHWVN3,42,spam,[],Ham
eb586ad04dff4169b8752791134011a9,cscw19-1-imageAndDescription-label,2019-03-23 23:04:53.18,"A toy coated with material that turns its surface sensitive to touch. ... â€œFor the first time, we have been able to take a can of spray paint and put",3VGZ74AYTGN0KIVV8FT04RZAIZHCG7,unreviewed,A1PT6264PIYFCI,149,spam,[],Ham
0709ed0f408c4796af9e397c72cd491c,cscw19-1-imageAndDescription-label,2019-03-21 12:07:55.51,"An idea create a plans.book created in the sequence of the interested topic and plans to the sequence of the following process.cool products,system,gadgets or services on the touch display that could be build coating.",37Y5RYYI0PCRDLFHUBJ47I3N7RISXQ,unreviewed,AG5HAUJJV4OCY,217,spam,[],Ham
e88f1589b24a4fdf98ebed2fa6dc135d,cscw19-1-imageAndDescription-label,2019-03-13 13:55:32.653,An idea is fashion,3VLL1PIENQV1KON3OCQGKY9XIYFZOR,unusable,A2L9G4YBBC7Z99,18,spam,[],Ham
