ID,DESCRIPTION,STATUS,CREATED,WORKER_ID,CHALLENGE,TRIGGERED
cc3321948e2341938aa8c5d5cfee2c47,can be used to make furniture that you can change on a whim,usable,2019-07-24 08:17:24.647,AQ9Y6WD8O72ZC,FABRIC_DISPLAY,"['Wordcount', 'Wordcount', 'Wordcount', 'Wordcount']"
8ef25e41233045b38c045d9a1d082540,"connect the cloth with application, so elderly people can be monitored.",usable,,,FABRIC_DISPLAY,"['Wordcount', 'Wordcount', 'Wordcount', 'Wordcount']"
524adff9cc6648369c72a67ecb05acae,wear it and change what is on the shirt and save money . ,usable,2019-07-28 17:23:02.456,A1GKD3NG1NNHRP,FABRIC_DISPLAY,"['Wordcount', 'Wordcount', 'Wordcount', 'Wordcount']"
a448ea18d57743a58e37ecc37737d8b1,"
hats",unusable,2019-07-22 17:23:43.707,AVPW7AXI9AFSM,FABRIC_DISPLAY,"['Charcount', 'Charcount', 'Charcount', 'Charcount', 'Charcount', 'Charcount', 'Wordcount', 'Wordcount', 'Wordcount', 'Wordcount', 'Wordcount', 'Wordcount', 'Wordcount', 'without verb or adj', 'without verb or adj unigram', 'Charcount', 'Charcount', 'Charcount', 'Charcount', 'Charcount', 'Charcount', 'Wordcount', 'Wordcount', 'Wordcount', 'Wordcount', 'Wordcount', 'Wordcount', 'Wordcount', 'without verb or adj', 'without verb or adj unigram']"
1e732e262916402ca4a091ac4b8c2c68,"
add images to clothes. ",usable,2019-07-22 19:11:29.641,A1DY3EW6Q0B5K5,FABRIC_DISPLAY,"['Charcount', 'Wordcount', 'Wordcount', 'Wordcount', 'Wordcount', 'Wordcount', 'without verb or adj', 'Charcount', 'Wordcount', 'Wordcount', 'Wordcount', 'Wordcount', 'Wordcount', 'without verb or adj']"
71c1deda2e514d7aa2680045cd9d7238,Place it on banners and flags to work as screens in a stadium. The flags on a field could change color based on what's happening at a sporting event.,usable,2019-07-29 20:38:24.959,AIK9IRPT4M848,FABRIC_DISPLAY,[]
f5326cf6d1114d14966212f89fac6c6d,"An app could be developed for users of these projectors in conjunction with their garments. This would allow them to provide GPS data to corporations that can bid on advertisement time on your shirt. Beer companies could gather people at a rock concert, Retailers could post information about their items when someone is at a wal-mart. The owner of the shirt can reject offers from companies that they dislike or are inappropriate for the venue.",usable,,,FABRIC_DISPLAY,[]
0ccf057a984c4dac9b1c491b1c071eb9,"A blanket that has soothing scenes like moving stars, slow waves, falling leaves, fireflies, etc, playing on them.",usable,2019-07-28 23:51:04.739,A31A4YKVSOYRVS,FABRIC_DISPLAY,"['Wordcount', 'Wordcount']"
74c46c67aa3c4a20841cf93665424c57,Depending on the resolution of the video it might make a good replacement for a television or monitor as its size would allow for very light large surfaces for video.,usable,2019-07-23 01:36:19.236,AC6Y70F8YSHJN,FABRIC_DISPLAY,[]
6ffcd2d6af0c4ad3894a5afb657573f7,You can use in childrens rooms on walls instead of having to repaint when they get older,usable,2019-07-24 15:13:49.203,AQP4PHYDXRBPI,FABRIC_DISPLAY,"['Wordcount', 'Wordcount']"
43762ff8cb0145c7b61697f8f91e0a56,"This type of technology could be used in the emergency area of hospitals, where the doctors and/or nurses would display a color or image on the patient's clothing depending on the severity of their condition, so it's easily identifiable and rapidly treated.",usable,2019-07-22 21:14:38.373,A2B227N1NQYS56,FABRIC_DISPLAY,[]
0ad6dd14acb54d5c9e88ff9555e3cae8,"Touch sensitive display would be great for store decorations. The stores could put these up and change the walls and displays to whatever they needed. For example it's Christmas shopping time. Rather than having white walls they could push a button and it display falling snow, ornaments, or trees around the store. This would also cut back on worker costs because it would be much quicker than hand decorating.",usable,,,FABRIC_DISPLAY,[]
2e61731547264073bbc6c29976dd551f,We could place this fabric display in theaters and show movies to the audience.,usable,,,FABRIC_DISPLAY,"['Wordcount', 'Wordcount', 'Wordcount', 'Wordcount']"
dae102a773b443d097e91a1009bed351,It could be used as a customizable window shade that gets darker at night and lighter in the day,usable,,,FABRIC_DISPLAY,"['Wordcount', 'Wordcount']"
03163a4a78b2419aac2fe9862588e0c0,"Bracelets that display recent medical information and updated by doctors for those with chronic illnesses, impairments, or disabilities or allergies",usable,2019-07-25 22:11:26.516,A20X14OMRL0YPZ,FABRIC_DISPLAY,[]
0f27e0792639418d9fb169e23889ef50,ballistic panels that transfer wearer health data to a transmitter worn on the wrist,usable,,,FABRIC_DISPLAY,"['Wordcount', 'Wordcount', 'Wordcount', 'Wordcount']"
4e0e4aa83c0d4d37ae85a9d413e3760b,"
Making table clothes or placemats that can easily be changed to match with different tables or for different holidays. Christmas themed, Thanksgiving themed, Halloween, etc.",usable,2019-07-24 22:35:46.596,A1AKL5YH9NLD2V,FABRIC_DISPLAY,[]
4def6a1a99c441288b3e41611d4a9edf,Use in amusement parks to create dazzling effects on rides,usable,2019-07-25 22:03:37.39,A20X14OMRL0YPZ,FABRIC_DISPLAY,"['Wordcount', 'Wordcount', 'Wordcount', 'Wordcount']"
c0dcc44b7a3d49b2801c2f012af94126,a new way to advertise by projection logos and such,usable,2019-07-22 19:11:54.576,A1DY3EW6Q0B5K5,FABRIC_DISPLAY,"['Wordcount', 'Wordcount', 'Wordcount', 'Wordcount']"
8d9a9aec3bad4c49b8fb989db427a55c,Data could be fed from a brainwave device through this instrument and it could project the current mood and feeling of a person.,usable,,,FABRIC_DISPLAY,[]
2a28f5cea80b4562b69737616276eadc,"With the connection of mobile phones with it, multiple conference calls can be made with it",usable,2019-07-22 18:15:38.981,A3ICFFGBUY4WP9,FABRIC_DISPLAY,"['Wordcount', 'Wordcount']"
55f0be55ee184986a4bdf0d050158de3,You can use it as part of a wallet. That way when you open up your wallet you can have a high quality image of your family.,usable,2019-07-25 03:19:26.03,A2Z70GL7HTFFQR,FABRIC_DISPLAY,[]
dfb8bc14680d4facb0219d74e7fd86ec,take pictures with your phone and transfer them a shirt or piece of paper,usable,,,FABRIC_DISPLAY,"['Wordcount', 'Wordcount', 'Wordcount', 'Wordcount']"
1214fb4c71824be491311297616b7a6c,"If the fabrics could interact, that would be awesome. I am a woman who likes to go dancing, and I am always getting grabbed and groped and it makes me feel weird. If there was a particular ""button"" or spot to press on my dress that would change colors totally as a warning to the offender, that could be cool.",usable,,,FABRIC_DISPLAY,[]
a0889eacb67f45a0988ba3cfa8c2f25c,"
A new clothing design that will spark a paradigm shift. Every item is manufactured the same and we can throw out our existing preconceived notions about fashion. Instead, the designs will all be subject to clothing scripts. By switching to a solid basic shade of color for the product, so much waste is preventable without the worry of stains and color fading. Instead, companies can simple worry about producing a high quality material and leave the decoration to the customer. ",usable,2019-07-27 00:17:04.603,A3HE29W5IDR394,FABRIC_DISPLAY,[]
4159599d78b64a3eb44e7c16d8f3461a,You could have a video feed to connect people across long distances through their curtains.,usable,2019-07-30 03:19:24.091,A3DKB1786IV19A,FABRIC_DISPLAY,"['Wordcount', 'Wordcount']"
e048608bfca54911af48db8ec5316e19,This technology could be put on a blanket and used to entertain children. They could watch videos or play games on the blanket. It might be especially good for travel.,usable,,,FABRIC_DISPLAY,[]
eb6b366c60424228b3a543ca6f6ff831,we can made different fashion cloths by single fabric display. money save,usable,,,FABRIC_DISPLAY,"['Wordcount', 'Wordcount', 'Wordcount', 'Wordcount']"
4d2e7b7ab1ea4e2f82e16787ca674dd4,putting it on the side of a bus to change the ads easily,usable,2019-07-24 15:20:42.695,AQP4PHYDXRBPI,FABRIC_DISPLAY,"['Wordcount', 'Wordcount', 'Wordcount', 'Wordcount']"
4013b7ca822a49c5a948b283dd47bf7d,"Swimsuits that can have videos playing on them, or different designs.",usable,2019-07-26 22:47:16.447,A3FYWUZK52IC2J,FABRIC_DISPLAY,"['Wordcount', 'Wordcount', 'Wordcount', 'Wordcount']"
7c1d4e55a5a3454db2293cbb82b1ac32,Certain colors could mean someone is hurt and needs help,usable,,,FABRIC_DISPLAY,"['Wordcount', 'Wordcount', 'Wordcount', 'Wordcount']"
634bf67e1c644cf0a7d462987b18a633,you could use it on a bed as a form of mood lighting like effect though not lighting but patterns or videos.,usable,2019-07-23 01:29:20.462,AC6Y70F8YSHJN,FABRIC_DISPLAY,[]
4d42050e9b984630bd484a8ed5c98300,Teddy bears that smile and wink to give you and your child nightmares (or greater interaction,usable,2019-07-25 22:12:28.247,A20X14OMRL0YPZ,FABRIC_DISPLAY,"['Wordcount', 'Wordcount']"
ba444bc8da0e43e19c66142aa401b989,"This fabric could be used to make clothing for nonverbal children that they could use to communicate emotions. For instance a vest that they wear to communicate if they are hungry, too hot or cold, or need to go to the bathroom. Basic commands that would be quicker and more visually apparent than having to scroll through there communication pads and show someone the pad to communicate.",usable,2019-07-22 22:46:52.276,A293CEKS4HJAWT,FABRIC_DISPLAY,[]
cfbe7e288fa948a28484313128efb5ba,"You could hang decorative, interactive, artsy, type tapestries. ",usable,2019-07-24 14:15:08.605,A2YGAEODJ5SSF6,FABRIC_DISPLAY,"['Wordcount', 'Wordcount', 'Wordcount', 'Wordcount', 'Wordcount', 'Wordcount']"
562976788ed24045951a941547eba780,It can be used in sports jerseys. It can display important player statistics so that spectators can be better informed of the players.,usable,2019-07-25 03:12:07.843,A2Z70GL7HTFFQR,FABRIC_DISPLAY,[]
9f939e5759a04014a028a43ebd794ba9,"Make custom designed family reunion, work retreat, team sporting event, etc event tee shirts without needing to rely on a professional's equipment. ",usable,2019-07-28 23:45:24.852,A31A4YKVSOYRVS,FABRIC_DISPLAY,[]
2998e48cfa7941b190c5ffc43191e7a5,"A customizable wall, so your room could look like any place you want it to.",usable,2019-07-24 06:54:21.967,A2K08PIXXDQLU0,FABRIC_DISPLAY,"['Wordcount', 'Wordcount']"
615f147fc58c4395ab633d0b24e6469a,"Stream media like TV or movies on any surface at any angle - eg. can be used instead of TV sets built in to the back of seats on airplanes, etc.",usable,,,FABRIC_DISPLAY,[]
71c1c62e5f124096a46cf1c8285c44ac,It could replace billboards and save paper.,usable,2019-07-24 07:06:04.881,A2K08PIXXDQLU0,FABRIC_DISPLAY,"['Wordcount', 'Wordcount', 'Wordcount', 'Wordcount', 'Wordcount', 'Wordcount']"
ae77af1cc11847d5adc6c296739ed895,Create a toy for children that allows them to create their own touch patterns,usable,2019-07-25 22:04:30.036,A20X14OMRL0YPZ,FABRIC_DISPLAY,"['Wordcount', 'Wordcount', 'Wordcount', 'Wordcount']"
02c4263ac56e4b4d83e857dacb6f06df,Use on the side of buildings to make large video billboards for advertising,usable,,,FABRIC_DISPLAY,"['Wordcount', 'Wordcount', 'Wordcount', 'Wordcount']"
25833a4a8752424e9293c1889b2db2ee,"A flag that you can change to be any country, state, sports team etc.",usable,2019-07-30 01:32:41.2,AHDW0M4017Z8K,FABRIC_DISPLAY,"['Wordcount', 'Wordcount', 'Wordcount', 'Wordcount']"
34ab90ecdeb54f5d82165ccdd029f607,it can be used to create wrapping for shipping out products by having them use a sheet to wrap the items and label them by the specific item or having a picture of what item is inside of the package making it easier to detect and potential issues ,usable,2019-07-28 21:06:46.154,AWXIEV9H6KT9E,FABRIC_DISPLAY,[]
ecbd6023662548a69c2b87412bdec4d2,it could be used by scientists who want to study animals in the wild it could hide them,usable,,,FABRIC_DISPLAY,"['Wordcount', 'Wordcount']"
c011f4d475f24a88af8e7c0a4ed372ea,"It could be used at amusement parks in different rides and attractions. Currently they use a lot of 3D and LED technology, it would be fun to add images to the walls, seats, floors, and ceilings as well.",usable,2019-07-25 17:25:03.747,A3PIRKF57QSWMS,FABRIC_DISPLAY,[]
e92bfd5b0a684231adf52d1849dc941d,Ceiling mounted tv over bed,usable,,,FABRIC_DISPLAY,"['Charcount', 'Wordcount', 'Wordcount', 'Wordcount', 'Wordcount', 'Charcount', 'Wordcount', 'Wordcount', 'Wordcount', 'Wordcount']"
aa8a082ce59346679b3e94e1eb75b17c,The fabric display can display bright colors for easy visibility for cyclist at night or roadside construction workers to help improve their safety.,usable,2019-07-29 23:30:59.899,AKZ8SFOAI4RZN,FABRIC_DISPLAY,[]
cd5216857ab1400bb5af25fcb9acf33e,Upholstery could change based on the season or holiday. You could have a Christmas themed sofa and then a News Years celebration one.,usable,2019-07-26 22:21:22.891,A2EKR2ZFO10VMV,FABRIC_DISPLAY,[]
15b84ae5239b421fbbd0adaca6473c8d,A tent could use this material to create a camouflage like effect for hunting or even military uses.,usable,2019-07-23 01:28:20.089,AC6Y70F8YSHJN,FABRIC_DISPLAY,"['Wordcount', 'Wordcount']"
285e65f355d84a4eb687aeb5fc10c59b,"
backpacks that you can edit color and design",unusable,2019-07-22 17:25:49.463,AVPW7AXI9AFSM,FABRIC_DISPLAY,"['Wordcount', 'Wordcount', 'Wordcount', 'Wordcount', 'Wordcount', 'Wordcount']"
609063d967b5417da8c5477130b31585,"This could be used to help get outfit ideas on what to wear. By seeing all the choices laid out in front of you, it would be easier to make decisions.",usable,,,FABRIC_DISPLAY,[]
dcde483aedc24214b4ad9bedddf8df92,"
A blanket that can be easily matched to any type of bedding.",usable,2019-07-24 22:33:16.403,A1AKL5YH9NLD2V,FABRIC_DISPLAY,"['Wordcount', 'Wordcount', 'Wordcount', 'Wordcount']"
c8877ece5f784fb5ab7f8cfd990eb718,it can be used in flags to make them more noticeable and fun ,usable,2019-07-24 08:16:46.072,AQ9Y6WD8O72ZC,FABRIC_DISPLAY,"['Wordcount', 'Wordcount', 'Wordcount', 'Wordcount']"
ec293326969548e7b07e7de5699aeb99,Could be used by stage actors so that they can make quick costume changes instantly.,usable,2019-07-25 22:11:55.307,A19R9046KFC12H,FABRIC_DISPLAY,"['Wordcount', 'Wordcount']"
caff54b4e9a64e529d0cc087efe068c2,Can be used for security purposes by being attached to the windows of homes to create the indication that someone is at home or make it appear that the home is occupied.,usable,,,FABRIC_DISPLAY,[]
ce6bf84f8baa4dee8f7cc3b92f2b4aa1,This could be used as a portable TV,usable,2019-07-23 21:17:55.336,AWNQ9E62XRB0O,FABRIC_DISPLAY,"['Wordcount', 'Wordcount', 'Wordcount', 'Wordcount', 'Wordcount', 'Wordcount']"
17c7dfbfd69f4c0ab8a08b759f913217,New way to text or facetime without phone,usable,,,FABRIC_DISPLAY,"['Wordcount', 'Wordcount', 'Wordcount', 'Wordcount', 'Wordcount', 'Wordcount']"
c9cc7edad06a407a9241a7df8a007e2e,it could be used on yoga mats to show hand and feet positioning or any general educational exercise purposes,usable,2019-07-29 21:27:23.482,A1EITLFAMKA61U,FABRIC_DISPLAY,"['Wordcount', 'Wordcount']"
6f8ff8d20265410287e6d84b1f0a9992,A dog collar that displays the phone number of the owner.,usable,2019-07-29 01:02:42.276,A2PXJTMWGUE5DC,FABRIC_DISPLAY,"['Wordcount', 'Wordcount', 'without verb or adj unigram', 'Wordcount', 'Wordcount', 'without verb or adj unigram']"
a767233fcb444496b2efd99c4e597b0b,a way to display snapchat filters on your face,usable,2019-07-22 19:10:57.787,A1DY3EW6Q0B5K5,FABRIC_DISPLAY,"['Wordcount', 'Wordcount', 'Wordcount', 'without verb or adj unigram', 'Wordcount', 'Wordcount', 'Wordcount', 'without verb or adj unigram']"
33cb0db312d3408f86f9d71fb2701c33,The technology could be used for costume designers or clothing designers for high-end clothes or costumes for athletes/dancers.,usable,2019-07-23 23:05:47.539,A2ZYUU30WYDYI0,FABRIC_DISPLAY,"['Wordcount', 'Wordcount']"
49b105ccdee749649e42a55f75f5efd8,An impact resistant television. No more Wii remote worries.,usable,,,FABRIC_DISPLAY,"['Wordcount', 'Wordcount', 'Wordcount', 'Wordcount', 'Wordcount', 'Wordcount']"
1ff164a0ef88411daa591709898ecde4,It could be attached to a car seat for entertainment for little kids. It couldn't get broken since it is fabric and couldn't hurt them in an accident.,usable,2019-07-24 21:57:21.197,A198MSVO1VTAT5,FABRIC_DISPLAY,[]
a025abe3b4e64da08d933a9e923dd06f,This could provide an exciting restaurant menu that updates dynamically.,usable,2019-07-29 22:42:44.961,AD70PPBAJSCPV,FABRIC_DISPLAY,"['Wordcount', 'Wordcount', 'Wordcount', 'Wordcount']"
ae5897c99ee6480fab9ab1f7d210e22e,"Create a blanket that shows relative body temperature of someone under the blanket to show areas of inflammation or chill for massage, warming, etc. Would be useful in hospital settings for nonresponsive yet aware patients to identify possible discomfort.",usable,,,FABRIC_DISPLAY,[]
477d653058564e8484c094944aead179,"A girl's doll, that comes in various sizes from barbie to life size, with customizable hair, makeup and outfits that are designed with touch.",usable,2019-07-28 23:50:42.755,A31A4YKVSOYRVS,FABRIC_DISPLAY,[]
5fa471e763ed42c09fa2cbfa4d09254b,Could be used to create a new handheld video game device similar to a PlayStation Portable (PSP),usable,,,FABRIC_DISPLAY,"['Wordcount', 'Wordcount']"
031ef77542d942d689f9a93c89dddcb3,It could be used by college professors as part of a teaching method. By having some information on cloth they display important classroom material without needing a screen.,usable,2019-07-25 03:11:12.208,A2Z70GL7HTFFQR,FABRIC_DISPLAY,[]
37196f44b4f7468c890252ef3c74ca89,Children's learning pad.,usable,,,FABRIC_DISPLAY,"['Charcount', 'Wordcount', 'Wordcount', 'Wordcount', 'Wordcount', 'Wordcount', 'Charcount', 'Wordcount', 'Wordcount', 'Wordcount', 'Wordcount', 'Wordcount']"
abbffdc1e2f24e559685bf8c2f58c79f,"A ""window"" on a door or wall, that allows you to see through a camera on the other side. Allowing you to watch your kids from the next room, or even just have a pizza sized peephole at your front door.",usable,2019-07-22 17:46:22.491,AUFUUD4WG9CVO,FABRIC_DISPLAY,[]
41e8d09d572a4a8d9db71ee8d76726ad,A decorative blanket/tarp to be used on walls. It can look like a regular quilt and also pull up slideshows or be used as a screen for televesion shows etc.,usable,,,FABRIC_DISPLAY,[]
ed06a5c7a3b942b59027ba7b577006c6,"For those that enjoy seasonal flags, place a flag sized fabric on the pole and it'll automatically change based on the date",usable,2019-07-25 22:08:40.266,A20X14OMRL0YPZ,FABRIC_DISPLAY,[]
d6634e1894914de7a6f2b92975dcc4cc,A display to such a high resolution caliber would be a great asset to the medical community (surgeons) and medical professionals that are doing research for new cures of cancers and other diseases. This will allow for a clear and full visual in any space and any time.,usable,,,FABRIC_DISPLAY,[]
344209fe82cb4817a1b828e4a0410194,"we can use it as a mat, and live floor by changing the display.",usable,,,FABRIC_DISPLAY,"['Wordcount', 'Wordcount', 'Wordcount', 'Wordcount']"
e33d8cd12c2c4bffb68d86d8f47986d9,Color/theme changing quilt,usable,2019-07-25 17:42:29.838,A35D31QHYQUF9V,FABRIC_DISPLAY,"['Charcount', 'Wordcount', 'Wordcount', 'Wordcount', 'Wordcount', 'Wordcount', 'Charcount', 'Wordcount', 'Wordcount', 'Wordcount', 'Wordcount', 'Wordcount']"
ef07a851c1e945a1a1db54caa76b0d5b,Fabric car seats that can change images/designs.,usable,2019-07-26 22:42:29.133,A3FYWUZK52IC2J,FABRIC_DISPLAY,"['Wordcount', 'Wordcount', 'Wordcount', 'Wordcount', 'Wordcount', 'Wordcount']"
87ef0c49f676421f89fc22e462a04d1a,Countries could get a lot more creative with their flag designs.,usable,2019-07-26 22:11:57.354,A2EKR2ZFO10VMV,FABRIC_DISPLAY,"['Wordcount', 'Wordcount', 'Wordcount', 'Wordcount']"
65c707c812f549f79675cffd4147b479,you can use this in hospital rooms where patients are bed written to look like they are somewhere else,usable,2019-07-24 15:14:49.01,AQP4PHYDXRBPI,FABRIC_DISPLAY,"['Wordcount', 'Wordcount']"
86b777757a94494aa045a9c042983b50,For heart patience a shirt that has built in sensors that tell them if their heart rate has increased or decreased in any way.,usable,2019-07-29 01:08:55.087,A2PXJTMWGUE5DC,FABRIC_DISPLAY,[]
3a50fde240ed468c8e47f67f98e59a71,"A touch screen device that could be programmed to do anything a teacher chose, would help students learn and practice lessons.",usable,2019-07-24 07:00:12.771,A2K08PIXXDQLU0,FABRIC_DISPLAY,[]
469c12b79f064ffb8d51cd69c7e1a2a6,"Flexible canvas allowing for traditional artists to create digital artwork which can be saved and exported to computers, phones, and other devices people use to view pictures.",usable,2019-07-24 23:31:19.157,A3BFMY5OX2WMUW,FABRIC_DISPLAY,[]
4e55403c7923468f98acdffcb607e0b3,I think that this technology would be good for projector screens - it could replace bulky TVs that look ugly when not in use instead being able to use the fabric on the wall and remove when not in use.,usable,,,FABRIC_DISPLAY,[]
6a1390b9ff5a4d7cbd3a3d2b50a07f28,the fabric can be used in childrens toys and help keep them more entertained,usable,2019-07-24 08:15:26.744,AQ9Y6WD8O72ZC,FABRIC_DISPLAY,"['Wordcount', 'Wordcount', 'Wordcount', 'Wordcount']"
41fe889962e249a499190a4a9bd15a37,Wall decoration for a home.,usable,,,FABRIC_DISPLAY,"['Charcount', 'Wordcount', 'Wordcount', 'Wordcount', 'Wordcount', 'without verb or adj', 'without verb or adj unigram', 'Charcount', 'Wordcount', 'Wordcount', 'Wordcount', 'Wordcount', 'without verb or adj', 'without verb or adj unigram']"
94e6209890a04baea240006f5086ed8b,Classroom posters that can be turned off during tests,usable,2019-07-25 22:11:51.31,A20X14OMRL0YPZ,FABRIC_DISPLAY,"['Wordcount', 'Wordcount', 'Wordcount', 'Wordcount', 'Wordcount', 'Wordcount']"
d09eb8113dc7462a8bc0e1f215c0b546,"
It could be used in cars if you don't have video players in the back for your kids. You could put a video on the back of fabric seats.",usable,2019-07-22 20:48:37.559,AA87I4LIAG09P,FABRIC_DISPLAY,[]
473fd70689f645e09d56ef718234ff73,Would be great for passengers of uber or taxi lifts. The passenger would be able to communicate and monitor their route while in progress right from the back of the seat. (given it is a fabric seat) ,usable,2019-07-25 18:08:22.11,A3E9A9O3CLMEW,FABRIC_DISPLAY,[]
2bb13e056f29478b8380240652e0ac5f,Designing holographic images with great impact on audiences at outdoor shows.,usable,2019-07-24 09:02:39.107,A1PHDT66U6IK4Q,FABRIC_DISPLAY,"['Wordcount', 'Wordcount', 'Wordcount', 'Wordcount']"
cb24c0e837464c76a5b4787053158891,"Create clothing that changes patterns and colors when the user selects it. With the use of high resolution images, textures and even different ""cuts"" of clothing could be simulated.",usable,2019-07-29 20:43:08.098,AIK9IRPT4M848,FABRIC_DISPLAY,[]
1a8315869bed4142a9835430d43549bc,It can be used in school plays as a background instead of having to build out sets. This will save time and make it easier for switching of scenes.,usable,,,FABRIC_DISPLAY,[]
8d20eb453e4c48b9851f6fba1453f24a,"Flags - such as Air Quality Index flags - which are changed regularly could be automated and data driven. In this case, the projection may simply be a color, but it would save time, money and accuracy in the process of community notifications.",usable,,,FABRIC_DISPLAY,[]
8959934eab4e433d85fcd9feeb798204,"You could use it on work uniforms so when people get promoted, they don't need a whole new uniform.",usable,2019-07-29 18:04:13.73,A2196WCNDZULFS,FABRIC_DISPLAY,"['Wordcount', 'Wordcount']"
654ca389158e4faf80ef286d574703c0,"This could be used for Christmas decorations - maybe to display a glowing manger, twinkling star, moving reindeers, etc.",usable,,,FABRIC_DISPLAY,"['Wordcount', 'Wordcount']"
e8fc4c53243744c797d02c77fbf3dfc6,This could allow for signs to be updated to meet the needs of protestors.,usable,2019-07-29 22:44:54.063,AD70PPBAJSCPV,FABRIC_DISPLAY,"['Wordcount', 'Wordcount', 'Wordcount', 'Wordcount']"
fd7720fc57af4244adfafada244d5918,"Could be used to determine the temperature outside and the current weather, and could be displayed on fabric to give you the temperature in real time.",usable,,,FABRIC_DISPLAY,[]
241ef375a6924fab9c86d22626d26cbf,"Could be used on a billboard, so when there is a new ad wanting to be on the billboard, someone could just upload the companys ad on it, which would save much more time than doing it manually.",usable,,,FABRIC_DISPLAY,[]
ce8d142077f44206a4fa577b5f39a368,"It could be used as a portable do-it-all entertainment and communication device - phone, TV, computer all in one",usable,,,FABRIC_DISPLAY,"['Wordcount', 'Wordcount']"
3e3f046e23cb4fe796e262de912cc6fd,protective face masks that can provide additional video monitoring options for use in search and rescue operations,usable,,,FABRIC_DISPLAY,"['Wordcount', 'Wordcount']"
7eb8c91117364db9911a6e3e3c7cc779,You could simulate a sunny day or a stormy day on your window curtains to add some ambiance to your rooms.,usable,2019-07-25 16:56:54.813,A26NGLGGFTATVN,FABRIC_DISPLAY,[]
21e2c9e2b27e443c9f55b28070826775,can be used to keep pets occupied for the day with video or music being a babysitter or calming agent for them,usable,,,FABRIC_DISPLAY,[]
6a1f5ce251ce4eb08f867be43eaba3bc,"When you're in the car with a kid, put the connector on the back of your head rest or on the back of your seat and turn on a video for them to watch. ",usable,2019-07-25 22:14:16.424,A2R0YYUAWNT7UD,FABRIC_DISPLAY,[]
c412689a688a44eeb924215c8f794d13,"The technology could be useful in the architectural design process by creating various architectural models in accordance with the requirements of the project leader. For example, if we want a gothic house, we can access and choose more models of such gothic houses.",usable,2019-07-24 09:23:16.348,A1PHDT66U6IK4Q,FABRIC_DISPLAY,[]
ef1f20e5a031442ba5eb417108b7b46a,can use with siblings so they can keep each other busy on long car rides,usable,,,FABRIC_DISPLAY,"['Wordcount', 'Wordcount']"
899b2ebca7d14d1bbdb060316cac26a3,"If you're clothes shopping online and aren't sure if a certain piece of clothing will look good on you, just download a picture of it and put the picture on your current piece of clothing to see what you;d look like wearing it. ",usable,2019-07-25 22:15:43.164,A2R0YYUAWNT7UD,FABRIC_DISPLAY,[]
1f84f798aecd4ccc99fa924749cfc435,This allows people to learn or attend classes without being present in front of a computer.  They can study lecture slides when they are on a train or at a park.  Can facilitate adult learning/adults with full time jobs that want to get a degree.,usable,,,FABRIC_DISPLAY,[]
22e372e77d274e029925b0599880b6c2,"Use it to have fun with your cats. They love to chase those laser pointers and other stuff like that, so if you have a carpeted floor, put a connector on it and put a video of mice running around on it. It would be funny to see the cats chasing them.",usable,2019-07-25 22:19:27.543,A2R0YYUAWNT7UD,FABRIC_DISPLAY,[]
1e8c1ce2524a49bab7da01195af3e57a,Attraction places like Disney could use this fabric display to build creative illusions that would amaze visitors and create 3D and 4D animations.,usable,,,FABRIC_DISPLAY,[]
73d8463b2dd2492383785c2b68a4ad03,It would change the fashion world because you could put any image or video you want on clothes.,usable,2019-07-24 21:07:03.193,A3QL8ZAD9BKWUF,FABRIC_DISPLAY,"['Wordcount', 'Wordcount']"
6d670ed8c6b04c12b60faae365462168,The fabric could be used on furniture to give it any look you'd want and not have to spend a ton just for looks but only for quality then.,usable,2019-07-26 00:51:39.006,AP4750DK7PU1B,FABRIC_DISPLAY,[]
849fe2f485f3444bbc4fc6b6be9d442a,take on a camping trip to watch videos or scare animals away ,usable,2019-07-28 17:22:12.822,A1GKD3NG1NNHRP,FABRIC_DISPLAY,"['Wordcount', 'Wordcount', 'Wordcount', 'Wordcount']"
1eded05c197d46ebbb8e2068c0f50cbc,Could make for more realistic and interactive backdrops during a play.,usable,2019-07-24 23:33:06.996,A3BFMY5OX2WMUW,FABRIC_DISPLAY,"['Wordcount', 'Wordcount', 'Wordcount', 'Wordcount']"
7cbd08d3989943fda0bd53eeb0275380,WE could use it for the military to camoflauge the troops.,usable,,,FABRIC_DISPLAY,"['Wordcount', 'Wordcount', 'Wordcount', 'Wordcount']"
ed4135047d2c47d6a5f0d883ef9257be,Why not make accessories to be worn with the fabric? Ties for men and scarves for women. Will still be able to touch the tie and scarf without being inappropriate.,usable,,,FABRIC_DISPLAY,[]
00a5a542921c419090c7dee0deae3ea9,Such a technology could be used during fitness classes or lessons so as to help students record what they are doing while working out. They can review their progress when they are free.,usable,,,FABRIC_DISPLAY,[]
51aebea9efd34d46bdc127d35cf01034,"This fabric could be used for formal attire, such as weddings, proms, etc. This would allow people to change their colors as they like, and not be stuck with one color, have a variety of choices for those that are a bit picky or undecisive.",usable,,,FABRIC_DISPLAY,[]
f045851ca94d49f7950b4dc74944a199,Prank someone by putting the connector on the back of their shirt and turn a funny picture on. Its the futuristic version of a 'kick me sign',usable,2019-07-25 22:12:54.423,A2R0YYUAWNT7UD,FABRIC_DISPLAY,[]
e04526eb611d47e7b2ee0351f4015659,"
umbrellas",unusable,2019-07-22 17:27:50.614,AVPW7AXI9AFSM,FABRIC_DISPLAY,"['Charcount', 'Charcount', 'Charcount', 'Charcount', 'Wordcount', 'Wordcount', 'Wordcount', 'Wordcount', 'Wordcount', 'Wordcount', 'Wordcount', 'without verb or adj', 'without verb or adj unigram', 'Charcount', 'Charcount', 'Charcount', 'Charcount', 'Wordcount', 'Wordcount', 'Wordcount', 'Wordcount', 'Wordcount', 'Wordcount', 'Wordcount', 'without verb or adj', 'without verb or adj unigram']"
7ff97401abd64b53ab364dd15ac86653,"It can be used to fashion a table cloth that can turn any table into an interactive computer monitor/touch screen. Just roll out the fabric display onto the flat top of the table, and interact with it as you would with any touchscreen. ",usable,2019-07-23 21:54:04.213,AO33H4GL9KZX9,FABRIC_DISPLAY,[]
1d7606f950bc4a949cdc46e7e20555ac,This could be used in games and puzzles so that different articles of clothings reveal clues and hints depending on where you touch them. This could also be used for gender reveal parties.,usable,,,FABRIC_DISPLAY,[]
fcd01fcdbcfa4dbdaaded8cb31e1306b,The interior of a boat or vehicle could use this fabric.,usable,,,FABRIC_DISPLAY,"['Wordcount', 'Wordcount', 'Wordcount', 'Wordcount']"
3f1711a1c28f493f8ece7781c2d3319e,play any gif on a t-shirt,unusable,2019-07-22 17:37:41.703,AVPW7AXI9AFSM,FABRIC_DISPLAY,"['Charcount', 'Wordcount', 'Wordcount', 'Wordcount', 'Wordcount', 'Charcount', 'Wordcount', 'Wordcount', 'Wordcount', 'Wordcount']"
2aafa82dd3a0460e966dde5e95ae0ca3,You could have this shirt and write on it which team of a team sport you belong to in a convention style meeting,usable,2019-07-30 00:00:31.614,A2UIGDOLX5RV95,FABRIC_DISPLAY,[]
2e12719c702f4f5495d764bf14e496ee,You could use it for spirit weeks/days in school.,usable,2019-07-29 18:06:39.258,A2196WCNDZULFS,FABRIC_DISPLAY,"['Wordcount', 'Wordcount', 'Wordcount', 'Wordcount', 'Wordcount', 'Wordcount']"
a20aef4c93cd4d619b31e8e9c39a4883,It could be used in stores to preview customized clothing.,usable,2019-07-25 22:20:48.593,A2RQMEPIHW5BOS,FABRIC_DISPLAY,"['Wordcount', 'Wordcount', 'Wordcount', 'Wordcount']"
725ae01310aa430bbb6f3a6aacd73403,"Change the color of your clothes after you spilled something on it. Like, if you got sauce on a white shirt, change the color to black until you can go home and wash it. ",usable,2019-07-25 22:07:08.106,A2R0YYUAWNT7UD,FABRIC_DISPLAY,[]
f6b888ba71334eb5966b94188e90b61f,"This fabric could be used to make fabric wall paper panels that can transform a wall into a large screen entertainment area or ""wireless"" desktop through bluetooth or google chrome.",usable,2019-07-22 22:49:21.937,A293CEKS4HJAWT,FABRIC_DISPLAY,[]
17de713811e04aedb8a2f94c6db847e3,"
Drapes and curtains that can easily change colors or designs based on how you are feeling.",usable,2019-07-24 22:33:05.038,A1AKL5YH9NLD2V,FABRIC_DISPLAY,"['Wordcount', 'Wordcount']"
8fa24591095a44cbb1be7dee4646f4fe,Video game makers could use it to create new ways to play. They could make games designed around large touch screen surfaces that multiple people can easily use and play together.,usable,,,FABRIC_DISPLAY,[]
004eaed054f5464b81da289c5b56584d,"Children could have something made from this fabric to wear, maybe a bracelet, that has their parent's names and phone numbers on it in case they were to get lost.",usable,2019-07-27 02:15:37.973,A1TLQ6BTDQX7US,FABRIC_DISPLAY,[]
a87d5d0c2a2e4347a1741bd11b046b06,It would be cool to have curtains that I could touch with a finger and be able to see out them but no one could see inside.,usable,,,FABRIC_DISPLAY,[]
f53a5d4b6c9645cf8482e6cee1636da5,Make a blanket that can change designs and show a slideshow of pictures.,usable,,,FABRIC_DISPLAY,"['Wordcount', 'Wordcount', 'Wordcount', 'Wordcount']"
1a08482c2fb240ff9b607d93e5f68a9c,"This could be put into a small product to use in case of emergencies at home or just out and about, and maybe for when people go camping. If an emergency arises, all they have to do is pull it out and watch the instructional video on how to render emergency aid.",usable,,,FABRIC_DISPLAY,[]
439e15ac10cd4e73b636e2869b9e4250,It could be used in restaurants on tables to entertain kids and to make money for the restaurant.,usable,2019-07-24 07:03:26.667,A2K08PIXXDQLU0,FABRIC_DISPLAY,"['Wordcount', 'Wordcount']"
106cc6788bf54f9b9644390342a622e5,this technology could be used for the back of airline seats to take away bulky LCD screens that can weigh the seats down,usable,,,FABRIC_DISPLAY,[]
b47c9b2f3280433c9b8aa2f5ab653bfc,put it on your blanket or pillow to change the design of whatever media you feel that day,usable,,,FABRIC_DISPLAY,"['Wordcount', 'Wordcount']"
f61a0abf5c7a4b7299e99ef168c63541,Furniture that can change styles/pattern with a tap. Think minimalist/modern styled dressers and bookshelves and such along the lines of IKEA. But tightly bound by the fabric displays. Turn all your furniture from wood brown to all white or something on a whim. Changes up a whole room without moving a thing.,usable,,,FABRIC_DISPLAY,[]
7256b005217b48cc8fe69c18fa914121,It could be used by basketball athletes to watch replays of the games going on while on the bench. or during halftime.,usable,2019-07-24 20:58:58.315,A3QL8ZAD9BKWUF,FABRIC_DISPLAY,[]
bbe5a9ab288444a59b52c520f1965433,"A bed spread that has cute patterns like polka dots, stripes, etc that can be played with and adjusted for fun. ",usable,2019-07-28 23:53:24.907,A31A4YKVSOYRVS,FABRIC_DISPLAY,[]
3d708ac6e05f46b39d2d8dab0b91ec53,"Could be used in consumer home decor, where the person would have the ability to change the surface of their various furnishings like curtains, bedsheets, towels etc",usable,2019-07-22 20:57:12.801,A2J18K5IUQ2K4G,FABRIC_DISPLAY,[]
392245de78b94d6aa3363cb266e54c83,use as a interactive circus for elephants and animals so real animals dont suffer,usable,2019-07-24 15:21:31.03,AQP4PHYDXRBPI,FABRIC_DISPLAY,"['Wordcount', 'Wordcount', 'Wordcount', 'Wordcount']"
b680aa52b3a640ebb10811d5f37a246b,"Could be useful for reminders posted in different rooms, in which a list of things to do can be uploaded with a computer or smartphone, and then displayed in corresponding rooms.",usable,2019-07-25 17:51:19.941,ARE37A8I60U7S,FABRIC_DISPLAY,[]
26bc0e8e1f334794960ffd17ef32ad5c,"Large scale portable movie screens, designed to be hung inside or out.",usable,2019-07-22 17:35:33.494,AUFUUD4WG9CVO,FABRIC_DISPLAY,"['Wordcount', 'Wordcount', 'Wordcount', 'Wordcount']"
0f12160a2af14193a94f6becc1d50fcb,It could be used as an interactive learning tool in schools or museums. Change out the display to see what different animals look like in different seasons for example. Have a model of an arctic fox or something like that and watch it change from white to red. ,usable,2019-07-25 17:29:58.328,A3PIRKF57QSWMS,FABRIC_DISPLAY,[]
f34ff2d456054067bdc16cc000bcabff,Touchscreen wallpaper,usable,2019-07-25 17:42:09.516,A35D31QHYQUF9V,FABRIC_DISPLAY,"['Charcount', 'Wordcount', 'Wordcount', 'Wordcount', 'Wordcount', 'Wordcount', 'Wordcount', 'without verb or adj', 'without verb or adj unigram', 'Charcount', 'Wordcount', 'Wordcount', 'Wordcount', 'Wordcount', 'Wordcount', 'Wordcount', 'without verb or adj', 'without verb or adj unigram']"
008b478db2464221859884d69b16df59,it can be used in schools by placing them on desks so the students can have all of their needed books and class work with them` as long as they are in class without having trouble keeping track of important things needed to learn ,usable,2019-07-28 21:09:19.821,AWXIEV9H6KT9E,FABRIC_DISPLAY,[]
6f748a25deb7465a8909a14daf669c17,"This is great for work places where people constantly have to come up with creative ideas on the spot.  They always have access to a projector screen.  So when they are in their teams putting ideas together, they can draw from these sources and still create.",usable,,,FABRIC_DISPLAY,[]
2d2dcca5e07c4aa7922977333f0c0d84,a baby blanket that can detect when baby is sleeping deeply or waking up to display visual cues for the parent ahead of time,usable,2019-07-28 23:57:20.458,A31A4YKVSOYRVS,FABRIC_DISPLAY,[]
b89f86f9041b471cb51a2f596916dc3d,This could be use to project emergency news everywhere,usable,2019-07-23 21:21:57.983,AWNQ9E62XRB0O,FABRIC_DISPLAY,"['Wordcount', 'Wordcount', 'Wordcount', 'Wordcount', 'Wordcount', 'Wordcount']"
4d878b0e3a124aaa850325922663904c,Can but made into full body suit and with the help of a small camera attached to the suit it could mirror the surrounding area to make you look invisible. This could be used to military use.,usable,2019-07-29 00:48:27.151,A11FRLH5KWRLBV,FABRIC_DISPLAY,[]
021c6106b615402bbb7c0fa154973fbb,"If it could somehow be hooked up to speakers, it might be possible to play a virtual piano with it, maybe for people who can't afford to buy a piano or are traveling.",usable,,,FABRIC_DISPLAY,[]
ed99dafdb6154059a863b0f1891a5f2e,Use it to watch video when you are away from home and don't have a tv,usable,,,FABRIC_DISPLAY,"['Wordcount', 'Wordcount']"
8f81241ab2164299b615ea30328d9b1d,It is possible to place this technology in hospitals or schools to accurately reproduce the behavior of participants in these premises and to correct any deviation from appropriate behavior in a timely manner.,usable,2019-07-24 08:54:06.894,A1PHDT66U6IK4Q,FABRIC_DISPLAY,[]
cc8ca0551854497897c5b8f402d63c17,"Can be used on clothing and hats to change the color of your clothes, or if youre wearing a sports jersey, can change the logo of the team.",usable,,,FABRIC_DISPLAY,[]
0fb28e6818e34d20bb1bae068ecb5f43,"Can be used for security, say for example at banks. Placing the fabrics in vaults or safes and ""activating"" it after hours when no one is supposed to be on site. Images and videos are rerouted to the local police station.",usable,,,FABRIC_DISPLAY,[]
277ec40ae6b74168a34294d8a42f4dde,These could be used to replace monitors and laptops as the screen could be projected anywhere,usable,2019-07-23 21:24:39.635,AWNQ9E62XRB0O,FABRIC_DISPLAY,"['Wordcount', 'Wordcount']"
bdf0056f1b1142228bf0d8fe745ed22d,"I imagine advertisers would find limitless uses for this, being able to project their advertisements almost anywhere.",usable,,,FABRIC_DISPLAY,"['Wordcount', 'Wordcount']"
e06cebbbc378494f9221d9d5ac76d430,Could be synched with fitness devices to changed based on vital signs & or exercise goals ,usable,2019-07-22 20:59:29.898,A2J18K5IUQ2K4G,FABRIC_DISPLAY,"['Wordcount', 'Wordcount']"
8cdd68646ab54ad5b5dba4202314c66d,"
put a strip of it on my wrist and use it as a watch",usable,2019-07-28 15:10:06.651,A2DNLHS1RSTF5R,FABRIC_DISPLAY,"['Wordcount', 'Wordcount', 'Wordcount', 'Wordcount']"
600ec5d4e59e4cdfbe6f6d68db9bd6d1,"Could be used to help children learn. For example, if you want to show a child who George Washington is, you could switch to an image of George Washington and perhaps get a description as well.",usable,,,FABRIC_DISPLAY,"['containsName', 'containsName']"
f6fa6b23aeaa45cc8d26eef178c98d6e,This technology could be used for Doctors in order to show X-Rays and other diagnostic tests to their patients. It could be larger scale than they currently have and with the resolution it would be a much better choice as patients could see more clearly what the doctor needs to show them.,usable,,,FABRIC_DISPLAY,[]
e0e22b90cd5c4f408e3cdf60d5a59bcc,people in citys can put it on the cieling and put it to the night sky since many cant see stars because of city lights,usable,2019-07-24 15:16:43.927,AQP4PHYDXRBPI,FABRIC_DISPLAY,[]
e710481642e741fa9950ecbe8b23340e,"This could be used for seat covers in automobiles. Instead of having dvd players in the back for children to watch on long trips, they would simply have to touch the screen to keep the kids entertained. It was also be easier for everyone in the back of the car to see the screen and you wouldn't have to keep up with anymore dvds.",usable,2019-07-27 02:19:29.205,A1TLQ6BTDQX7US,FABRIC_DISPLAY,[]
8dbd73e9dc1643a6997cbe2cfc8e698a,"If placed on the outside of a car or suv, it could be used as a mobile advertisement.",usable,2019-07-24 22:03:21.184,A198MSVO1VTAT5,FABRIC_DISPLAY,"['Wordcount', 'Wordcount']"
3fd68cd845cf41b6bb751bb15b5f5f4a,put it on your skin and have a moving tattoo,usable,2019-07-28 15:14:45.047,A2DNLHS1RSTF5R,FABRIC_DISPLAY,"['Wordcount', 'Wordcount', 'Wordcount', 'Wordcount']"
709221b4a3e6452188cf05e82dec18d0,Clothes that auto-update to display whatever's in style.,usable,,,FABRIC_DISPLAY,"['Wordcount', 'Wordcount', 'Wordcount', 'Wordcount', 'Wordcount', 'Wordcount']"
6db82c509d0340f783958246f32d5caa,Having it on your long sleeve shirt sleeves to be able to easily check things like the weather or important news updates.,usable,2019-07-26 00:37:53.898,AP4750DK7PU1B,FABRIC_DISPLAY,[]
1e466decce414fcfa1a8c835b7e7e951,It would be an easy way to show off pictures of our kids and grandkids,usable,2019-07-29 20:35:07.126,ANT979UZZF7N0,FABRIC_DISPLAY,"['Wordcount', 'Wordcount']"
b02a70ed445e4f7e991ea8fd5ba5b0d5,Create wound dressings that display medical information about the state of healing or infection in the would below without having to unwrap.,usable,,,FABRIC_DISPLAY,[]
e12fcf912213490f870c05e53b227913,can moniter surgery options while performing a real sugery so that they can immediatly have options that are on video,usable,,,FABRIC_DISPLAY,[]
1bb526976fc349d8a3eec2133c276217,Set it up to read someone's smart phone screen and immediately be able to reproduce that picture.,usable,,,FABRIC_DISPLAY,"['Wordcount', 'Wordcount']"
f465c7d9484d455b862a9567fac4be4a,used it on a child room so he or she can play with it and change the room color and aslo have fun . might see a boost in artist of that generation lol,usable,,,FABRIC_DISPLAY,[]
985527e2d6ac4a4586f20f9096d2cc19,This technology would be useful in home decorating and trying to figure out if an item would be a good fit in the home. Use the fabric to bring up a to scale image of the item you are considering purchasing to see if it fits with current decor,usable,,,FABRIC_DISPLAY,[]
6f67af223b054d3da046983f69e37dd0,Yup could turn the screen on by pulling the draw string.,usable,,,FABRIC_DISPLAY,"['Wordcount', 'Wordcount', 'Wordcount', 'Wordcount']"
939958238bc248bd8634e3ceb78a7a1f,"showing people your photos would be much easier, rather than showing each person your phone one at a time you could just project your photos to the display for all to see.",usable,,,FABRIC_DISPLAY,[]
602798de2f6944648a977a1735abbec7,A soft cover for a desk.,usable,,,FABRIC_DISPLAY,"['Charcount', 'Charcount', 'Wordcount', 'Wordcount', 'Wordcount', 'Wordcount', 'Charcount', 'Charcount', 'Wordcount', 'Wordcount', 'Wordcount', 'Wordcount']"
7cf0160659ae4964b2a05eb5da287c1e,Could be used at fast food restaurants so that customers can create orders more efficiently without a cashier taking the order. This would streamline food production as more workers could cook food instead of having to inefficiently deal with customer service.,usable,,,FABRIC_DISPLAY,[]
e5b78643f50f428aad5b296bf62b50f4,we could use it for hunting to hide hunters from their prey.,usable,,,FABRIC_DISPLAY,"['Wordcount', 'Wordcount', 'Wordcount', 'Wordcount']"
ce8c5971989e4738a5e49c351e77d315,outdoor movie night,usable,,,FABRIC_DISPLAY,"['Charcount', 'Charcount', 'Wordcount', 'Wordcount', 'Wordcount', 'Wordcount', 'Wordcount', 'Charcount', 'Charcount', 'Wordcount', 'Wordcount', 'Wordcount', 'Wordcount', 'Wordcount']"
0781a878f606489f9c9775d3756e3884,"have a sensor, smartphone, that is recognized, and advertising material is displayed on sidewalks or building as you walk",usable,,,FABRIC_DISPLAY,"['Wordcount', 'Wordcount']"
45634511681a4d1988063fe28aaf71d5,You can use it for your tablecloth to make it stand out and be different . Give the room a completely different look.,usable,2019-07-24 02:02:21.472,A1ROEDVMTO9Y3X,FABRIC_DISPLAY,[]
f03744f5237e40b6a63a356b5371f250,this fabric could be used for police officers and make them more visible to people,usable,2019-07-24 08:14:15.035,AQ9Y6WD8O72ZC,FABRIC_DISPLAY,"['Wordcount', 'Wordcount']"
f79f70a8e49a407e9a65d5651745bde3,You could attach the technology to a piece of carpet in a house or building and be able to get a rough idea of the layout of the room. This could be used by interior designers to save time by not having to sketch out the room layout by hand or computer.,usable,2019-07-29 15:56:37.949,A1VPQJR2V850OM,FABRIC_DISPLAY,[]
4c8776f706c349bab246d671a11be072,A book cover which could show different cover photos.,usable,,,FABRIC_DISPLAY,"['Wordcount', 'Wordcount', 'Wordcount', 'Wordcount', 'Wordcount', 'Wordcount']"
e2572240033949c9b1ad2af3cd599001,"VR technology, that could be used in games and VR movies/tv shows.",usable,2019-07-24 06:54:43.53,A2K08PIXXDQLU0,FABRIC_DISPLAY,"['Wordcount', 'Wordcount', 'Wordcount', 'Wordcount']"
de0dca2ab9514544b4e7fa6ee7dd194d,Use it as a flexible screen for a folding phone or tablet.,usable,2019-07-29 20:49:26.779,AIK9IRPT4M848,FABRIC_DISPLAY,"['Wordcount', 'Wordcount', 'Wordcount', 'Wordcount']"
d656fda745a44e43a42bad88c0f563d2,Various articles of clothing that could be used for advertising during events.,usable,2019-07-28 21:12:38.996,A3LPHYONE222OY,FABRIC_DISPLAY,"['Wordcount', 'Wordcount', 'Wordcount', 'Wordcount']"
3d3594dc45b14fe98d71ecebfe0776d5,It could be used to display patient info in a hospital on the privacy curtain.,usable,2019-07-25 22:22:49.931,A2RQMEPIHW5BOS,FABRIC_DISPLAY,"['Wordcount', 'Wordcount']"
75d9d4f6039e4a85b1048ad38ca711e5,"Wearable technology could be used with this technology. Such a ""smart"" clothes and watches.",usable,,,FABRIC_DISPLAY,"['Wordcount', 'Wordcount', 'Wordcount', 'Wordcount']"
8f01a3809fda4141b1ca6718fb3c525a,can be used as a distraction tool for crowd control,usable,,,FABRIC_DISPLAY,"['Wordcount', 'Wordcount', 'Wordcount', 'Wordcount']"
0a63132784de458db81e8fcc99ef739f,An exhibit booth with fabric displays may cost about the same to create as one with display made from traditional materials.,usable,2019-07-24 06:39:34.32,A3NGEIHH9C7VF9,FABRIC_DISPLAY,[]
d6edb28437c343cf9059228ba2256c5d,"Police or military communications device?  If everyone in a unit has a small patch of this somewhere which can receive transmissions and display a color (coded to mean something) or transmit a short clip with instructions, it could be used as a simple communications device.",usable,,,FABRIC_DISPLAY,[]
aad36122bcb04ba8adc7a5b69b898cd8,put it on a table at a restaurant to have menus on the table,usable,2019-07-28 15:08:56.17,A2DNLHS1RSTF5R,FABRIC_DISPLAY,"['Wordcount', 'Wordcount', 'Wordcount', 'Wordcount']"
e5627c5b3bf84ba6acdfc8668130de65,The fabric display could be used by doctors to write notes on the patients gown so the medical team will know important medical details of the patient without risk of misplaced or lost papers.,usable,2019-07-29 23:33:27.227,AKZ8SFOAI4RZN,FABRIC_DISPLAY,[]
6a799dcff8594074ad7341c40d9aa5bb,Dog vests could now have options where you can change whether the dog is okay to pet or talk to or interact with. ,usable,2019-07-26 22:20:09.909,A2EKR2ZFO10VMV,FABRIC_DISPLAY,[]
868995bc50894cd197d6dc7adf6798af,"This can be an effective way to keep up with children that may get loss in large groups, you can locate where they are from the shirt",usable,,,FABRIC_DISPLAY,[]
d54c771613764a1cb0f3c80b45d0b593,"Enabling data and wifi capability and being able to sync to your phone and other devices, you would have your communications with you on a piece of fabric.",usable,,,FABRIC_DISPLAY,[]
d5b1ec39f9344912b1165d292b4aec19,"On your curtains it could be the easiest way to be silly, to root for your favorite sports team, or anything else you might want to advertise in your window - what politician you support, do you have a car for sale, whatever it may be",usable,,,FABRIC_DISPLAY,[]
05c7094aee7645d897e2853bd05d2287,It could be used as an active bulletin board for a company so that anyone could come up and change it quickly or add images that you need to.,usable,2019-07-30 00:05:06.762,A2UIGDOLX5RV95,FABRIC_DISPLAY,[]
bf25bbae4ce7441e909cc5685b87e949,A fabric that is touch sensitive as well as interactive would be beneficial for fashion designers and many aspire designers in the fashion industry. It would generate new and innovative ideas for fashion and really separate and make certain designers fashion pieces stand out because they will be able to dig deeper in their imaginations. It would be a fashion game changer as fashion and technology are now going hand in hand.,usable,,,FABRIC_DISPLAY,"['sentencestructure2', 'sentencestructure2']"
476ee07525124a7fb74980a692cbc533,It could be used by astronauts to quickly get videos into space.,usable,2019-07-24 21:04:58.292,A3QL8ZAD9BKWUF,FABRIC_DISPLAY,"['Wordcount', 'Wordcount', 'Wordcount', 'Wordcount']"
1d18ed21a9fb4f48a00b843f2f9340e7,Restaurants can use it as table clothes so that each table it customizable to the patron's liking,usable,2019-07-24 07:23:11.763,A1EN3FW93BSXQQ,FABRIC_DISPLAY,"['Wordcount', 'Wordcount']"
42e2a84e07634143a45325cbd249507a,It could be used on the backs of car seats to play videos and movies for passengers.,usable,2019-07-25 22:16:44.305,A2RQMEPIHW5BOS,FABRIC_DISPLAY,"['Wordcount', 'Wordcount']"
e2a4cb28edb64bddb8f8f25595bb92d0,This technology could be used for advertisements to make them user sensitive. They could interact with the add by touching it and using it to make certain selections.,usable,,,FABRIC_DISPLAY,[]
d5c04de66db84b399bdb90b9f13ffdb1,"Would be useful in amusement park rides to be able to plaster a display into any shape or size. Tunnels on rollercoasters, rooms in haunted house, and anything in between. You could use all sorts of optical illusions if you could slap a display in any shape or form you needed.",usable,,,FABRIC_DISPLAY,[]
6de0b70ec7b844edb00fef58258be0ea,The sheets (previous suggestion) could either warm or cool the bed depending on season.,usable,2019-07-29 00:58:08.095,A2PXJTMWGUE5DC,FABRIC_DISPLAY,"['Wordcount', 'Wordcount', 'Wordcount', 'Wordcount']"
256e135073684e6ba69201616f82572d,"It could be really beautiful just as a blanket. I'm imagining something really starscape-like for my blanket, and when my husband and I are intimate it could enhance the experience by changing the visuals around us in a beautiful way. Gets more intense as we get more intense, and then relaxing calming blues and purples when we are relaxing afterwards, etc.",usable,,,FABRIC_DISPLAY,[]
88ed1f90cbea46819a9012dac89004de,put it over a mirror and turn it into a magic mirror themed Skype device,usable,2019-07-28 15:18:36.607,A2DNLHS1RSTF5R,FABRIC_DISPLAY,"['Wordcount', 'Wordcount']"
e695b6e250574ebe841931134a568709,Bath towels that have cute water droplet animations on them whenever they are wet. ,usable,2019-07-28 23:53:42.785,A31A4YKVSOYRVS,FABRIC_DISPLAY,"['Wordcount', 'Wordcount', 'Wordcount', 'Wordcount']"
9a01c1d2d26c4eea85c16a85644a8746,You could use it on shower curtains to watch something while pooping.,usable,2019-07-29 18:13:25.021,A2196WCNDZULFS,FABRIC_DISPLAY,"['Wordcount', 'Wordcount', 'Wordcount', 'Wordcount']"
e6f43bb1c6754aa3ba5ff0c8752c0954,Fashion applications.. clothing that changes colors and styles on the go and allows the user to customize their outfit on the fly.,usable,,,FABRIC_DISPLAY,[]
f06c3ea0577b40b4bb99bef56d615ef0,"You could line the inside of book jackets with this. It might contain relevant information and video or photos about the book. Maybe if it had wifi connectivity or bluetooth, the info on the fabric could be updated as new information is available. ",usable,2019-07-28 21:44:40.623,A2NEFRREWF33YP,FABRIC_DISPLAY,[]
ffcb551ab2014cf3851ae4972b39f2e6,"
Crafters could use it to create a variety of products, such as tapestries of fabric magnets.",usable,2019-07-22 20:46:59.311,AA87I4LIAG09P,FABRIC_DISPLAY,"['Wordcount', 'Wordcount']"
ba5dfe23cf844aa5a79331fcfe056f1d,Use it to make matching shirts for a bachelorette party,usable,,,FABRIC_DISPLAY,"['Wordcount', 'Wordcount', 'Wordcount', 'Wordcount']"
af6ef56a8a034b7da5da9b722bea8e2e,"Could be used to change and set the mood by being installed on windows to create the effect of a summer day in winter or a cool evening in summer, or to distribute some moody snow over Christmas season when their is not any snow, or produce a makeshift fireplace against a wall, decorate a room for a party, create a reminder or assist when studying as a way of tracking and keeping notes.",usable,,,FABRIC_DISPLAY,[]
aa250b30bc85463f907639df0ebaf913,There's no particularly practical reason for this but I think beach towels made of this stuff would be fun.,usable,,,FABRIC_DISPLAY,"['Wordcount', 'Wordcount']"
62982487e942459c913df2de53c23a6d,can use for directions and help in museums it can display an interactive map,usable,,,FABRIC_DISPLAY,"['Wordcount', 'Wordcount', 'Wordcount', 'Wordcount']"
744e39333013436c931a1563b584fa0b,You could use it on your furniture when you get tired of how it looks instead of buying new.,usable,2019-07-29 18:07:56.135,A2196WCNDZULFS,FABRIC_DISPLAY,"['Wordcount', 'Wordcount']"
c68f30844c87421888a422f19edbd7c5,"
Hotel rooms could be themed differently based on the guest's preferences. For example, you could have a room be ""underwater"" themed or ""outerspace"" themed by simply changing what is shown on the fabric.",usable,2019-07-24 22:37:18.947,A1AKL5YH9NLD2V,FABRIC_DISPLAY,[]
e84a5cb8c8c84ed4b84264aa3a835132,Display could be used as a sort of virtual window in a door via security camera on the outside. People could simply look through the virtual window on the inside of their door to see who is knocking or ringing the doorbell.,usable,2019-07-29 17:45:33.328,A3GIIL73GE2CBQ,FABRIC_DISPLAY,[]
2c98332dfcbb41f58084ef74e9b258e1,it could be used to make really intricate and interesting jewelry,usable,2019-07-24 08:16:33.715,AQ9Y6WD8O72ZC,FABRIC_DISPLAY,"['Wordcount', 'Wordcount', 'Wordcount', 'Wordcount']"
018e90baf5774abe8fa28eab93c5a5fe,"I would apply this fabric to costumes for movies and television. It would be a more cost effective way to alter an actor's appearance without using CGI. It would not only look more natural, but not restrict the actor's movement or engagement. No more green screens.",usable,2019-07-28 18:24:02.449,A3UV55HC87DO9C,FABRIC_DISPLAY,[]
2d662770a0f74be18f261c051af03672,Make it into curtains so you can change the color or image any time.,usable,2019-07-24 07:14:51.409,A1EN3FW93BSXQQ,FABRIC_DISPLAY,"['Wordcount', 'Wordcount', 'Wordcount', 'Wordcount']"
386c1122399e410c8ba3de2f8c6c06bf,"If someone is injured and they're wearing the fabric, the doctor could project their notes onto them so they don't forget anything about the treatment.",usable,2019-07-24 12:27:45.271,A2WWYVKGZZXBOB,FABRIC_DISPLAY,[]
2020d04310054252815c5f6b16a5c80a,"Use it in the carpet and you could turn the display into tons of games for kids. Once they're done, no clean up - just change the display to something else.",usable,,,FABRIC_DISPLAY,[]
314d39ff158746fc9b3479db73c7c776,This would be fun for something like a theater where you could change out the fabric on the seats to match the show throughout the performance. You could feel very immersed in different colors and images.,usable,2019-07-25 17:24:21.14,A3PIRKF57QSWMS,FABRIC_DISPLAY,[]
a42f86e761834e338c3d017604d43c1e,"Use the cloth as a wallpaper that can change colors, display images, act as a terminal, etc.",usable,,,FABRIC_DISPLAY,"['Wordcount', 'Wordcount']"
eb30f4a9e2574b21be4f0bf8e9f5f8cc,"
pants",unusable,2019-07-22 17:23:33.745,AVPW7AXI9AFSM,FABRIC_DISPLAY,"['Charcount', 'Charcount', 'Charcount', 'Charcount', 'Charcount', 'Wordcount', 'Wordcount', 'Wordcount', 'Wordcount', 'Wordcount', 'Wordcount', 'Wordcount', 'without verb or adj', 'without verb or adj unigram', 'Charcount', 'Charcount', 'Charcount', 'Charcount', 'Charcount', 'Wordcount', 'Wordcount', 'Wordcount', 'Wordcount', 'Wordcount', 'Wordcount', 'Wordcount', 'without verb or adj', 'without verb or adj unigram']"
ff155935aa2a4460aa1c5f0c06442674,Use these displays to decorate TV like installations in homes to use instead of projectors so that people could better watch major sporting games or important news or television etc by effectively mounting a makeshift projector or display onto the wall and render high quality image onto the walls,usable,,,FABRIC_DISPLAY,[]
bfd9bae8c05e4949a634ba5fa8c6f931,Mood shirt that changes color in real time based on how youre feeling,usable,,,FABRIC_DISPLAY,"['Wordcount', 'Wordcount', 'Wordcount', 'Wordcount']"
81cab228dbe34891b002a4766b9d2b56,Line the walls of theaters with panels made of this to change the atmosphere and for special effects.,usable,2019-07-29 20:50:38.99,AIK9IRPT4M848,FABRIC_DISPLAY,"['Wordcount', 'Wordcount']"
7e86eca6fb414d75a4ff1bf4b162b848,This is an interactive way  students can participate and engage in lectures.   People can actively write on the boards on their shirts or answer polls.,usable,,,FABRIC_DISPLAY,[]
dd26f111b8a24bd18b8376aaefff06b0,"
A way to easily change your clothes if you are wearing a dark shirt and it suddenly gets hot out. ",usable,2019-07-24 22:33:43.096,A1AKL5YH9NLD2V,FABRIC_DISPLAY,[]
9a0412b31369448a9f9cf4210b34f857,It could be used as a way for artists to make something for fans at art conventions.,usable,,,FABRIC_DISPLAY,"['Wordcount', 'Wordcount']"
734313c4e6634cd5aeeb4744c7e9f3a4,This could be done as a business at a mall kiosk possibly.,usable,,,FABRIC_DISPLAY,"['Wordcount', 'Wordcount', 'Wordcount', 'Wordcount']"
4628926af0e64c5a9edf3c69a9ace370,We could have a court side views for sporting events ,unusable,2019-07-26 21:11:10.148,A2S75O867RJG0I,FABRIC_DISPLAY,"['Wordcount', 'Wordcount', 'Wordcount', 'Wordcount']"
58e73c21dde547dd8a5f9d6dd76ad4f7,Use it as a fun thing to do with children.,usable,,,FABRIC_DISPLAY,"['Wordcount', 'Wordcount', 'Wordcount', 'Wordcount']"
b767cca6029b4c9d989ee5f7930197d5,could make cities look much better by showing artwork almost anywhere like using sheets to cover up construction,usable,,,FABRIC_DISPLAY,"['Wordcount', 'Wordcount']"
971e0d30eaaa4a939fa62a15e5a7a02d,can use at karate to practice with during wait for meets,usable,,,FABRIC_DISPLAY,"['Wordcount', 'Wordcount', 'Wordcount', 'Wordcount']"
6e8dca62222f4511b615c4fca25ccaa4,The fabric will be great for publicity and advertisement. People can sign up with companies to have their products displayed their cloths and they move around with it.,usable,2019-07-22 18:20:14.247,A3ICFFGBUY4WP9,FABRIC_DISPLAY,[]
d03eceea56ad4ba69026738339ec810f,This could be used on displays in clothing stores to preview different color clothing items.,usable,2019-07-22 17:43:50.418,A13JMFIKC0UKYS,FABRIC_DISPLAY,"['Wordcount', 'Wordcount']"
478f75b26a234687bd40fc46bd123f9f,the fabric display can be used to monitor the elderly people health conditions and tablet requirements.,usable,,,FABRIC_DISPLAY,"['Wordcount', 'Wordcount']"
2364f6c6024b4699be663acf94b2eac6,You could use this to create a high tech t-shirt. It would display photos like a screensaver.,usable,2019-07-24 22:06:12.58,A2541C8MY0BYV3,FABRIC_DISPLAY,"['Wordcount', 'Wordcount']"
6d9bded7123f4bf3972348b8b92a8764,you could use this fabric for billboard advertisements ,usable,2019-07-24 08:12:39.466,AQ9Y6WD8O72ZC,FABRIC_DISPLAY,"['Wordcount', 'Wordcount', 'Wordcount', 'Wordcount', 'Wordcount', 'Wordcount']"
c85e97eeb2f0442a80ab35e63664fd60,Street signs could use this fabric and changed remotely to display as laws change (ex: update speed-limits without having to replace the signs),usable,,,FABRIC_DISPLAY,[]
88383681ad6b48f6b9a42fe6bb96eb82,Create an option to connect your phone to it so you can text on your sleeve without getting your phone out.,usable,2019-07-30 01:23:47.652,AHDW0M4017Z8K,FABRIC_DISPLAY,[]
528431cfb6bc4905a124c5392acff07a,A tablecloth for your dining room table.,usable,,,FABRIC_DISPLAY,"['Wordcount', 'Wordcount', 'Wordcount', 'without verb or adj', 'Wordcount', 'Wordcount', 'Wordcount', 'without verb or adj']"
ddbc5b148fb840949fc6ed367e281967,A touch sensitive fabric could be used as background on a stage eliminating the need for as many physical props and would be more realistic,usable,,,FABRIC_DISPLAY,[]
cbd4af6f0e5d46dfb08e5264b1d13cfa,"For another prank, put the connector on a shower curtain and put a picture of a random person showering on it. ",usable,2019-07-25 22:09:17.134,A2R0YYUAWNT7UD,FABRIC_DISPLAY,[]
7c76f4d0027649faa50d3d6f6af31551,Tablecloths at restaurants could display the menus. People could swipe through various menus on the touch display and order directly without the need for a waiter or waitress.,usable,2019-07-29 17:36:47.206,A3GIIL73GE2CBQ,FABRIC_DISPLAY,[]
e4c06677c78544cba866afc2f9b74b21,Create murals and large wallpapers for your room from something that you filmed on a trip.,usable,,,FABRIC_DISPLAY,"['Wordcount', 'Wordcount']"
2fa35a1d7f56494a9f20fbba070a9a3d,Can be used to allow yourself a very large screen to watch movies or television on. Would completely make projectors or even televisions obsolete.,usable,2019-07-23 21:14:12.876,A35NM2285DUAFH,FABRIC_DISPLAY,[]
e3e4039e23db4e62876980ab7ae5f921,Haunted houses could be amazing. Displaying images on hanging fabrics or curtains and not having to erect solid screens to display videos.,usable,2019-07-25 22:53:35.095,A26LOVXF4QZZCO,FABRIC_DISPLAY,[]
e27621dca3c041c195a0bd258dc3ac97,an instruction manual for a mechanic who is working under a car.,usable,2019-07-29 00:56:24.043,A2PXJTMWGUE5DC,FABRIC_DISPLAY,"['Wordcount', 'Wordcount', 'Wordcount', 'Wordcount']"
f5a9f2dabf024bc48257d98db53a5a23,Can act like camouflage and allow the user to turn invisible by blending into the environment or allow your child to play with it in hide and seek games.,usable,2019-07-23 21:16:32.788,A35NM2285DUAFH,FABRIC_DISPLAY,[]
8931e4bff9be44639b2c3856bf511dc5,A doctor could put it on someone to monitor their vitals,usable,2019-07-28 15:10:54.736,A2DNLHS1RSTF5R,FABRIC_DISPLAY,"['Wordcount', 'Wordcount', 'Wordcount', 'Wordcount']"
021035b81e2f41438fa9938fec327054,This could be used as childrens toys . Bed sheets and pajamas could display graphics and videos of special characters and icons that children love.,usable,,,FABRIC_DISPLAY,[]
b7a573c6fe3746448fd648714904a292,Shirts that become a canvas to draw on where they can connect with other people,usable,,,FABRIC_DISPLAY,"['Wordcount', 'Wordcount']"
329451e26c8f418fae36c21e23367691,this fabric could be used in making clothing unique and your own. you would only need to purchase a couple of outfits and change clothes easily,usable,2019-07-24 08:13:33.934,AQ9Y6WD8O72ZC,FABRIC_DISPLAY,[]
0c123234d9c64ac09a20aad3de7a3052,can give reccomendations on current weather and climate to people who are outdoors and want to plan their day outside,usable,,,FABRIC_DISPLAY,[]
2e84dd772c814cb4a9c9c366bd71653d,"Useful for interior design, in which people can redesign their walls and other furniture to have different colors and designs.",usable,2019-07-25 17:45:59.839,ARE37A8I60U7S,FABRIC_DISPLAY,[]
bad7d92b2fe343c781a752dfea2fdf2e,You could track different data points on the fabric and convert these into a seamless texture for use in computer graphics,usable,,,FABRIC_DISPLAY,[]
3a87ba43b7e44e2887429da50effe3a6,a touch sensatice fabric you can display near your door to keep your pets or little children from running out the door ( specially for people who live in appartments),usable,2019-07-26 21:41:57.561,A3NYUZFBZTCUFK,FABRIC_DISPLAY,[]
e17f684df0464a15806c90bcc013b3c1,Buses could use this fabric to show information to the passengers about the route and stopping points.,usable,,,FABRIC_DISPLAY,"['Wordcount', 'Wordcount']"
37a8236a73b949ef860e47f1edfc299a,Used formedical reasons..beingable to help train new doctors and nurses as well as srgeons,usable,,,FABRIC_DISPLAY,"['Wordcount', 'Wordcount', 'Wordcount', 'Wordcount']"
12a9b3f4b98c4d73896d8450d22d330f,Could be used as fabric on shoes so that the design can be changed at any time.,usable,2019-07-25 22:18:16.25,A19R9046KFC12H,FABRIC_DISPLAY,"['Wordcount', 'Wordcount']"
841419d71f514c99b2d2171fa364985e,websites can use it so people can try on the clothes with a sample cloth before buying,usable,2019-07-24 15:23:50.957,AQP4PHYDXRBPI,FABRIC_DISPLAY,"['Wordcount', 'Wordcount']"
9c1146d7a65d42e2928f37690f2e6981,The military could use it to get videos of areas where it is normally not allowed,unusable,2019-07-26 21:06:38.203,A2S75O867RJG0I,FABRIC_DISPLAY,"['Wordcount', 'Wordcount']"
586c404df32c497e950ff643cdcd069c,"Use in shoes to display how many steps you've taken, how far you've walked, your maximum speed etc. Could also display calories burned and goals for people losing weight.",usable,2019-07-30 01:34:37.853,AHDW0M4017Z8K,FABRIC_DISPLAY,[]
68acab0d86b74f4992e16e26628be320,"You could change the appearance of the seats and car interior at the touch of a finger. Instead of having to buy a new car, you could just tap for a new look.",usable,,,FABRIC_DISPLAY,[]
0ec75de8761e4ce1a1c2b971c8fbaf7e,It could be used to document sens of a crime and display them,usable,2019-07-29 20:36:35.033,ANT979UZZF7N0,FABRIC_DISPLAY,"['Wordcount', 'Wordcount', 'Wordcount', 'Wordcount']"
ea77655775f74b2ba62011e57824053d,"You could change the design of your clothing depending on what kind of special event you're going to.  Creative artists can make custom logos and artwork that they sell to people for events like concerts or what-not, and the person can just change their attire for that special occasion rather than buying a whole new outfit.",usable,2019-07-25 16:55:40.032,A26NGLGGFTATVN,FABRIC_DISPLAY,[]
77548c5ed98b4daaa7c2de2db2e1f126,This can be helpful for artistic and creative people who get inspired by the ideas they see.  They can record ideas on the spot and take notes on them with the touch screen.,usable,,,FABRIC_DISPLAY,[]
bf3fe5f350ab417095900e611a574ac2,in classrooms instead of smartboards you can use them as interactive board to keep students interested,usable,2019-07-24 15:18:51.168,AQP4PHYDXRBPI,FABRIC_DISPLAY,"['Wordcount', 'Wordcount']"
d4daa7a7a95b4193a7c65d8de29ad57f,Fun animated blankets for kids.,usable,2019-07-30 01:22:13.173,AHDW0M4017Z8K,FABRIC_DISPLAY,"['Wordcount', 'Wordcount', 'Wordcount', 'Wordcount', 'Wordcount', 'Wordcount', 'Wordcount', 'Wordcount']"
93254c788c2745d29340d73c61d5c53c,A touch sensitive fabric could be used by businesses to advertise on employees uniforms but regularly change up the ad keeping it fresh or up to date with current sales or events,usable,,,FABRIC_DISPLAY,[]
6b5aad34e71e4b399df2191e28c42027,you could put it on the wall for when you leave pets at home so they have a big picture of you,usable,2019-07-24 15:19:49.579,AQP4PHYDXRBPI,FABRIC_DISPLAY,[]
4b045201110e41cc911544e8a9cafba8,you can put it on the floor and simulate the floor is lava with your kids but with actual pictures of lava,usable,,,FABRIC_DISPLAY,[]
2855f7ef092f47ac86452aaeecb7a93c,It could be used to make customized changeable Halloween or party costumes,usable,,,FABRIC_DISPLAY,"['Wordcount', 'Wordcount', 'Wordcount', 'Wordcount']"
73a3cd1c2db04dd3b27d7fe06137056e,"It could be a person's calendar. It could spread out to be large but hidden away in a desk drawer when not in use. Usually, you have a calendar as a desk blotter...this could be stuck away.",usable,2019-07-24 22:01:03.091,A198MSVO1VTAT5,FABRIC_DISPLAY,[]
9a188f2781f242078d9a58b9d744759f,You could use large sheets of the cloth to create beautiful high resolution backgrounds for things such as concerts or theater plays.,usable,,,FABRIC_DISPLAY,[]
6a44d7ba7847461091bed07e641dea10,This could be used in schools instead of a projector.,usable,,,FABRIC_DISPLAY,"['Wordcount', 'Wordcount', 'Wordcount', 'Wordcount']"
65a539c14f56431184528d532ae5c783,"
table cloths",unusable,2019-07-22 17:27:57.87,AVPW7AXI9AFSM,FABRIC_DISPLAY,"['Charcount', 'Charcount', 'Charcount', 'Wordcount', 'Wordcount', 'Wordcount', 'Wordcount', 'Wordcount', 'Wordcount', 'without verb or adj unigram', 'Charcount', 'Charcount', 'Charcount', 'Wordcount', 'Wordcount', 'Wordcount', 'Wordcount', 'Wordcount', 'Wordcount', 'without verb or adj unigram']"
5f4f91459fe647d0ae302596c0e54bef,Temporary signs could be erected using roll-up fabric. This would be useful for road construction where putting up traditional signs is time consuming or expensive.,usable,2019-07-25 22:51:43.088,A26LOVXF4QZZCO,FABRIC_DISPLAY,[]
fbd4a319c02c427c8d2a0b85c893a52b,Hook this up to a sensor and have it be a blanket that changes colors based on overall comfort level within the room.,usable,2019-07-23 21:18:00.463,A35NM2285DUAFH,FABRIC_DISPLAY,[]
365360b6c3954908a941be342a310419,Football quarterbacks could use a special glove that would have the plays displayed on them. It could be turned on and off so the other team couldn't pick up the play as well.,usable,2019-07-29 20:33:38.606,A3L0DCUXI7X3A9,FABRIC_DISPLAY,[]
c107362d004a4db68b0c8f81379ca11a,Surgeons could practice operations before actually have to perform and cuts. They could almost use this a virtual reality preparation table.,usable,,,FABRIC_DISPLAY,[]
e6c178344e794bd793df0beb43264bb6,"
Can be used as advertisements in sports or for people. You could be paid to walk around with a t-shirt that displays advertisements.",usable,2019-07-24 22:31:45.774,A1AKL5YH9NLD2V,FABRIC_DISPLAY,[]
923bf0408c4e4dfcac905b1e6af7b1e1,Luggage that can change to different designs.,usable,2019-07-26 22:44:55.278,A3FYWUZK52IC2J,FABRIC_DISPLAY,"['Wordcount', 'Wordcount', 'Wordcount', 'Wordcount', 'Wordcount', 'Wordcount']"
9c499dba13384d9693837d3b497994f1,Use in operating rooms on the blanket or sheet to get a much bigger view on the operated area.,usable,2019-07-30 01:33:52.871,AHDW0M4017Z8K,FABRIC_DISPLAY,"['Wordcount', 'Wordcount']"
d11fab6eb3344a3298d9e55ebbc276b4,The fabric display can be used on military uniform to adjust to the surrounding and project a fitting camo that would help the soldier better stay hidden in the environment they are in.,usable,2019-07-29 23:38:39.196,AKZ8SFOAI4RZN,FABRIC_DISPLAY,[]
1ce9c95e863d463da74117d513de3fc7,"Theaters with large stage curtains could use the technology to see if there is any damage to the curtains. Instead of checking every inch by hand with the use of a ladder, they could just attach the fabric display technology to the curtains and see if the images show any defects.",usable,2019-07-29 15:59:26.63,A1VPQJR2V850OM,FABRIC_DISPLAY,[]
8df7d71510e945b1b17111334896e70c,"
napkins",unusable,2019-07-22 17:27:59.761,AVPW7AXI9AFSM,FABRIC_DISPLAY,"['Charcount', 'Charcount', 'Charcount', 'Charcount', 'Charcount', 'Wordcount', 'Wordcount', 'Wordcount', 'Wordcount', 'Wordcount', 'Wordcount', 'Wordcount', 'without verb or adj', 'without verb or adj unigram', 'Charcount', 'Charcount', 'Charcount', 'Charcount', 'Charcount', 'Wordcount', 'Wordcount', 'Wordcount', 'Wordcount', 'Wordcount', 'Wordcount', 'Wordcount', 'without verb or adj', 'without verb or adj unigram']"
447a2ccde35442bd9c571a627a055d64,put it on a wall and make it a TV,usable,2019-07-28 15:11:24.172,A2DNLHS1RSTF5R,FABRIC_DISPLAY,"['Charcount', 'Wordcount', 'Wordcount', 'Charcount', 'Wordcount', 'Wordcount']"
1cdf79a3f1e3467287ea4836e3d8339f,"A flag that will be placed on Mars (when we land of course) that scrolls through a lot of information for whoever finds the flag, such as year it was planted, where earth is located, and that we come in peace.",usable,2019-07-29 01:06:52.306,A2PXJTMWGUE5DC,FABRIC_DISPLAY,[]
56bab3f456074dd78242ddebe272efc9,This display could be used in stores on carpet samples to see different colors and types of product.,usable,2019-07-22 17:45:15.118,A13JMFIKC0UKYS,FABRIC_DISPLAY,"['Wordcount', 'Wordcount']"
0b145c63ed6d4f388820075604871a7a,"It could be embedded onto a necklace or similar device to allow someone to communicate a message if they are unable to do so themselves, for example, emergency contact information if one is in an accident and unable to speak for whatever reason.",usable,,,FABRIC_DISPLAY,[]
3bad184f0aa54d1baebe141968f84fb8,This could be used for accessories such as shoes and headbands. Just touch the button and you have a new color of shoes to go with your outfit.,usable,2019-07-25 17:22:13.798,A3PIRKF57QSWMS,FABRIC_DISPLAY,[]
c2cbfdb43a304495a4e7133e10d5b640,Exam cheating shouldn't be allowed at all. This technology could be used by instructors to monitor students that may attempt to cheat in exams. This will ensure transparency an fairness in exams.,usable,,,FABRIC_DISPLAY,[]
d9f3de9e23a54373b1ff4cd2479f582d,"It could be used for education, such as a replacement for zoo's.",usable,2019-07-24 07:06:30.8,A2K08PIXXDQLU0,FABRIC_DISPLAY,"['Wordcount', 'Wordcount', 'Wordcount', 'Wordcount']"
2e1fc4785dda4afaa862b7a53b96183a,It could be used by deepsea divers to reflect deterrent images or videos on their diving suit in case they find themselves in a dangerous situation such as a shark circling them. The content might scare the shark away.,usable,2019-07-22 21:24:49.238,A2B227N1NQYS56,FABRIC_DISPLAY,[]
090513831ba3492baf318a52a1464c92,"If you were to use it on your sleeve you would be able to make your own smart watch features, but be able to hide it when not needed.",usable,,,FABRIC_DISPLAY,[]
b63d80504b7349f7b5145dba75b40960,Hikers could take photos without the need to lug a camera of other heavy equipment so they could explore remote parts of the world,unusable,2019-07-26 21:07:45.834,A2S75O867RJG0I,FABRIC_DISPLAY,[]
c8308bb84e4d4721859485d341f5ad9d,It could be used as a cloaking device by adding high resolution cameras and displaying what is behind it so it will appear invisible.,usable,2019-07-25 22:02:06.947,A19R9046KFC12H,FABRIC_DISPLAY,[]
67f1a21453e2408fa786d1db9d6c8e1c,Put memorable photos on a t-shirt or other garment,usable,,,FABRIC_DISPLAY,"['Wordcount', 'Wordcount', 'Wordcount', 'Wordcount', 'Wordcount', 'Wordcount']"
9ad6142921a748e4a63d39fb66fa4b7f,This fabric could be applied to a large sheet and enable movies and tv shows to be played. This would be a great way to quickly move entertainment without having to sacrifice space. Roll and go.,usable,2019-07-28 18:25:39.073,A3UV55HC87DO9C,FABRIC_DISPLAY,[]
6133f2536b4440cf8584205f8435d615,It will be very useful to train sportsmen as the can be properly shown the desired moves at any point in time.,usable,2019-07-22 18:13:56.853,A3ICFFGBUY4WP9,FABRIC_DISPLAY,[]
8ecbfae007644df6bcc46dca605f5fc2,A jogging shirt sleeve could be used as a screen to track workouts.,usable,2019-07-29 20:32:04.898,A3L0DCUXI7X3A9,FABRIC_DISPLAY,"['Wordcount', 'Wordcount', 'Wordcount', 'Wordcount']"
32b44f3c3af14145bafc201a1020d1e0,It could be used to create dynamic store signs.,usable,2019-07-25 22:27:29.526,A2RQMEPIHW5BOS,FABRIC_DISPLAY,"['Wordcount', 'Wordcount', 'Wordcount', 'Wordcount', 'Wordcount', 'Wordcount']"
48c9268d8018416fb304935360aff864,This can be used as a game board to play checkers or chess or any such type of game.,usable,2019-07-22 17:52:08.286,A13JMFIKC0UKYS,FABRIC_DISPLAY,"['Wordcount', 'Wordcount']"
b4aefe73bae54c19aedbfb995c30afe2,"This could be used in a museum on a dinosaur to have different ways of what a dinosaurs skin might look like. It would be fun to have kids be able to put in their own ideas for colors, scale size, texture, and see what it might have looked like in real life. ",usable,2019-07-25 17:30:58.014,A3PIRKF57QSWMS,FABRIC_DISPLAY,[]
f00052ef28ac4a149d9d8f3535191a99,It could be used at the front of the stores so that you could have an easily changeable advertisement board,usable,2019-07-30 00:06:25.198,A2UIGDOLX5RV95,FABRIC_DISPLAY,[]
a338cedad7804c26873716b1946d6cd7,You could use it as a farmers market stall cover so you could put the prices on it and what the item is,usable,2019-07-30 00:12:31.026,A2UIGDOLX5RV95,FABRIC_DISPLAY,[]
59f3dd22aec441309caec795144c934f,Novelty t-shirts or other similar garments to be worn in support of whatever cause. Or just for fun. it can project whatever image or video on the front or the back of the garment for high visibility.,usable,2019-07-23 21:47:13.933,AO33H4GL9KZX9,FABRIC_DISPLAY,[]
2205ebc3015745ee8423fe61193de213,This could be used on a dress tie in which you could change the design on it based on a touch selection rather than having a bunch of different ties. ,usable,2019-07-22 17:56:27.66,A13JMFIKC0UKYS,FABRIC_DISPLAY,[]
f9e7b760c617477e96ac761dba9ae2d4,There can be a touch sensitive band aid that as soon as you put it on the skin and tap it twice it will start healing your wound. If there is an open cut just tap it once and it will sew stitches on your wound.,usable,,,FABRIC_DISPLAY,[]
1e2a5b83eb334f2dbe736344f4e73a5f,made the fabric with sensitive detector.,usable,,,FABRIC_DISPLAY,"['Wordcount', 'Wordcount', 'Wordcount', 'Wordcount', 'Wordcount', 'Wordcount', 'Wordcount', 'Wordcount']"
141598cf0610429791b1ec5c5a0f34e0,"Color changing clothes makes it easier to play games, be camouflage, or just pick new clothes",usable,,,FABRIC_DISPLAY,"['Wordcount', 'Wordcount']"
8b2428b71b2941d59426a142f25567b9,this could be made in to a blanket and used to play soothing videos at night and used as a nightlight,usable,2019-07-24 08:13:52.688,AQ9Y6WD8O72ZC,FABRIC_DISPLAY,[]
ad32b6ef14ef4fba8ad185278307d28d,a product is very tiny an d very high performance for catch birds moments that make more research about birds,unusable,,,FABRIC_DISPLAY,"['sentencestructure1', 'sentencestructure1']"
73be0538f43d40dca972e24c42f082e0,"canvas tote bags that kids can use for traveling, that have interactive games that the child can play on the surface of the bag whenever travel is boring",usable,2019-07-28 23:56:52.363,A31A4YKVSOYRVS,FABRIC_DISPLAY,[]
fe3368f8dce64fb1a2cc890d465428dd,"The technology could be used to enhance augmented reality, where one could change how the environment around them looked with any type of fabric.",usable,2019-07-23 23:12:58.072,A2ZYUU30WYDYI0,FABRIC_DISPLAY,[]
75a98d5330e845c6866ea792a128023e,"If you're having people over but realize your couch has a stain or something, put a connector on it and change the color of the whole couch, or just the area where the stain is so it matches. ",usable,2019-07-25 22:20:27.451,A2R0YYUAWNT7UD,FABRIC_DISPLAY,[]
e5341fc5f7b34d4bbc07029d3d6311f5,"I would use them as covers on things like your front door, where you could project images. Let's say you were in a high crime neighborhood. You could cover your doors with fabrics that projected images that would make it look like the door wasn't there. It would blend in and look like the siding of the rest of your house. You could do this with windows as well. I would place your doors in opposite areas of the house where they wouldn't be expected. Put the sidewalk in front of a faux door. Put the real door on the right side of the house with no sidewalk or steps. To the outside observer, they wouldn't have any idea how to access your house. You could also set a program to have this location change at random intervals, so it would be hard to predict where the real door is.",usable,2019-07-28 15:14:22.843,A2JP8W265WCC35,FABRIC_DISPLAY,[]
badba3353aa142279debcb3ea5e09e14,can display messages to workers when something needs to be changed in loud factory,usable,,,FABRIC_DISPLAY,"['Wordcount', 'Wordcount', 'Wordcount', 'Wordcount']"
418167b316db4cf2a767cebc67cacc31,"This could be used as a table cloth and the image could be changed based on the occasion. For example, holidays such as Christmas and Thanksgiving. ",usable,2019-07-22 17:53:40.867,A13JMFIKC0UKYS,FABRIC_DISPLAY,[]
09c836725da64b92aec318d308242b45,People would be able to turn entire walls into displays and use only as much as needed.,usable,,,FABRIC_DISPLAY,"['Wordcount', 'Wordcount']"
9f1474b316da43fd905aa970a86d509b,Use in a school classroom as opposed to a chalkboard or a whiteboard as a more environmentally friendly projection option.,usable,,,FABRIC_DISPLAY,[]
320350615aa1490084f83f371ab63049,Towels that have personal photos and videos.,usable,2019-07-26 22:44:35.996,A3FYWUZK52IC2J,FABRIC_DISPLAY,"['Wordcount', 'Wordcount', 'Wordcount', 'Wordcount', 'Wordcount', 'Wordcount']"
b4c9e89eb69a49a38d7dc16a7a7a8c5c,Set up machines where you insert your tshirt and then choose an image to print on it.,usable,,,FABRIC_DISPLAY,"['Wordcount', 'Wordcount']"
0fb2e3cdb3ae4dc29540be6db44c2f91,The back window of an RV that advertises fast food restaurants. ,usable,2019-07-29 01:00:12.999,A2PXJTMWGUE5DC,FABRIC_DISPLAY,"['Wordcount', 'Wordcount', 'Wordcount', 'Wordcount']"
12a0096e2ccb46d599eb02bc2dbcec3b,can use on athletes to moniter and teach performance,usable,,,FABRIC_DISPLAY,"['Wordcount', 'Wordcount', 'Wordcount', 'Wordcount', 'Wordcount', 'Wordcount']"
30d5ced6acca4f55a409d5f8aa001c58,Companies could use this fabric to make banners and signs for advertising. They would only have to change the screen every time they wanted to come out with a new advertisement.,usable,2019-07-27 02:17:44.956,A1TLQ6BTDQX7US,FABRIC_DISPLAY,[]
18a9c5851d6640eb86429f3f8986f563,"It could be used as an actual financial application. One could take it out to manage bills, pay for groceries at the store, etc.",usable,,,FABRIC_DISPLAY,[]
a86dfd1ae6f6448d8a2218838d8f4ae9,"It could be used as a fishing lure. A generic lure with the item could be placed on a hook, and the fisherman could 'bait' it with different colored or textured items, depending on what the fish in the area are inclined to bite at.",usable,2019-07-27 05:08:49.288,A2WGW5Y3ZFBDEC,FABRIC_DISPLAY,[]
157d3bb581d24aa4958b3770998596a5,a beanie style cap that can be worn that transmits EKG data,usable,,,FABRIC_DISPLAY,"['Wordcount', 'Wordcount', 'Wordcount', 'Wordcount']"
86c3d42cd60b467fa113545a75e5af63,"Place on clothing to have interactive shirts, pants, socks, and just about anything else.",usable,,,FABRIC_DISPLAY,"['Wordcount', 'Wordcount', 'Wordcount', 'Wordcount']"
ef8aaa7d812e452faf66b047402ea215,"
You could make a children's carpet that with a touch of a button could change into various games such as a hopscotch board or a large checkers board.",usable,2019-07-24 22:34:17.546,A1AKL5YH9NLD2V,FABRIC_DISPLAY,[]
f285879f38ff4104b26c5436b7ad1d3a,A fabric cover for glass coasters.,usable,,,FABRIC_DISPLAY,"['Wordcount', 'Wordcount', 'Wordcount', 'Wordcount', 'without verb or adj', 'Wordcount', 'Wordcount', 'Wordcount', 'Wordcount', 'without verb or adj']"
40955624b87849049fddd07bbf391a2e,Can be used as a wrist strap or part of a sleeve of your shirt that would pulse in color and show your vitals when you are working out or just whenever. ,usable,2019-07-23 21:21:59.372,A35NM2285DUAFH,FABRIC_DISPLAY,[]
050626d05a4f46cd8ed6fcd63ed98189,"
phone cases that you can edit",unusable,2019-07-22 17:25:20.035,AVPW7AXI9AFSM,FABRIC_DISPLAY,"['Wordcount', 'Wordcount', 'Wordcount', 'Wordcount', 'Wordcount', 'Wordcount', 'Wordcount', 'Wordcount']"
c975c421725a49b2b19cd21329446b7a,use with smart appliances to be able tom access anywhere.,usable,,,FABRIC_DISPLAY,"['Wordcount', 'Wordcount', 'Wordcount', 'Wordcount']"
99a48b63b01a419186b1a784175fd2c4,Use it at sporting games by providing shirts to attendees. The shirts could be coordinated to display large images in the crowd using each person's shirt the same way a TV/monitor displays pixels.,usable,2019-07-24 22:31:11.423,A1AKL5YH9NLD2V,FABRIC_DISPLAY,[]
8915df845ba541d4b5f86d5146a295fc,at home movie theaters,usable,,,FABRIC_DISPLAY,"['Charcount', 'Charcount', 'Wordcount', 'Wordcount', 'Wordcount', 'Wordcount', 'Wordcount', 'without verb or adj', 'without verb or adj unigram', 'Charcount', 'Charcount', 'Wordcount', 'Wordcount', 'Wordcount', 'Wordcount', 'Wordcount', 'without verb or adj', 'without verb or adj unigram']"
bda1a2e2f94d418c852d8d734118140f,"This could help in interior decorating. You would be able to produce many possibilities of a room design with this, which makes you have more options.",usable,,,FABRIC_DISPLAY,[]
c840836782df44acac6fd54a9424c830,Perhaps this fabric could be curtains and/or sheers both for the office and home? Both fabrics are touched often and could most certainly render high resolution images and videos without much care aside from occasional cleaning.,usable,,,FABRIC_DISPLAY,[]
f2c9aee6328048a28bb91927ad06729e,This could be used to create a pattern for people who embroider hoops of fabric. ,usable,2019-07-22 20:38:28.015,AA87I4LIAG09P,FABRIC_DISPLAY,"['Wordcount', 'Wordcount']"
ffa9ffb0da8443daa7e8442f580d4243,The tech could be applied to the back of your smartphone and you could walk around with your favorite meme or picture on the back of your phone . Or play a Gif of a cat playing a keyboard.,usable,2019-07-29 00:57:27.23,A11FRLH5KWRLBV,FABRIC_DISPLAY,[]
346ebc875c994197a251a8f235105fa6,make sports uniforms,usable,,,FABRIC_DISPLAY,"['Charcount', 'Charcount', 'Wordcount', 'Wordcount', 'Wordcount', 'Wordcount', 'Wordcount', 'Charcount', 'Charcount', 'Wordcount', 'Wordcount', 'Wordcount', 'Wordcount', 'Wordcount']"
ee28bc8e6c5f416aa2b41826340c29c9,Curtains for the kitchen window that can also show you recipes,usable,2019-07-24 07:28:49.837,A1EN3FW93BSXQQ,FABRIC_DISPLAY,"['Wordcount', 'Wordcount', 'Wordcount', 'Wordcount']"
97666cb93a4c4586b7044fa6dedc033b,It could be used to display images and video on clothing and sold as such.,usable,2019-07-25 21:59:56.465,A19R9046KFC12H,FABRIC_DISPLAY,"['Wordcount', 'Wordcount']"
68fe6a6e0413425c88d99228a14dfe6a,"
Socks that can be changed to any color or design. If you go to the office but then are home. You can change them to look more/less casual based on your needs.",usable,2019-07-24 22:45:02.256,A1AKL5YH9NLD2V,FABRIC_DISPLAY,[]
b2cb7b40182d425cba9853606276c395,The napkins at a restaurant could act as the menus and cycle through deserts and different aspects to the bill as the person eats.,usable,2019-07-26 22:16:51.049,A2EKR2ZFO10VMV,FABRIC_DISPLAY,[]
9b74b591c59b4c1eb0d9d1ee57051b90,The fabric display could show moving graphics or text as a new way to advertise and participants can get paid if they show an ad on their shirt.,usable,2019-07-29 23:25:38.03,AKZ8SFOAI4RZN,FABRIC_DISPLAY,[]
87ab937034c14014a19687e1e4abb77a,The screen could be located on your thigh so it would be easy to use when sitting.,usable,,,FABRIC_DISPLAY,"['Wordcount', 'Wordcount']"
98238370142e41f68bc1baa7051c3bba,"You could use it as a table cloth in restaurants, showing a menu to patrons when they first get there, then switching to games or scenery after they have placed their orders.",usable,2019-07-30 03:29:17.954,A3DKB1786IV19A,FABRIC_DISPLAY,[]
29a53d06eaff479a852742deab8fc9c7,"The technology could be used for shopping online, so consumers got a better idea of what they were purchasing and what the design looked like.",usable,2019-07-23 23:15:57.694,A2ZYUU30WYDYI0,FABRIC_DISPLAY,[]
e5e56f8f600c40d186d926a51d0c0e21,"An entertainment product that allows you to watch movies on a small, portable, soft and malleable pillow of sorts that can be propped in a bed or in the car in any way that's comfy for you.",usable,2019-07-28 23:47:34.945,A31A4YKVSOYRVS,FABRIC_DISPLAY,[]
457922e25b274cf48e89a53848df90c0,"The fabric could be used for medical purposes. Some examples could be as a wrap for an injury or infection, and would change colors on any change that happened to the infected area, such as getting more red if it is becoming worse, or green when it becomes better.",usable,,,FABRIC_DISPLAY,[]
94f76e023b0043f1a06151cb23bb920f,It could be used to make clothes that have a different print depending on the whim of the wearer.,usable,2019-07-25 22:18:52.691,A2RQMEPIHW5BOS,FABRIC_DISPLAY,"['Wordcount', 'Wordcount']"
e7a013b8fa03464eb324cd36502a8c6c,You could use the fabric to easily flip an event space to fit the mood for whatever event that would be going on in your event space.,usable,,,FABRIC_DISPLAY,[]
89d0139c370e45849dd27f827cf8c6f1,"This would be useful in an event venue. For each event you could easily color coordinate. For a wedding just touch a button and change out the wallpaper, carpeting, chair covers, to match their wedding colors. For a birthday or party change it out to match the theme of the event.",usable,2019-07-25 17:33:32.936,A3PIRKF57QSWMS,FABRIC_DISPLAY,[]
ad6049cb60cf4eb4ba9ba286acea507b,You could use it on shoes to cut down on the number of pairs people need to buy to match their various outfits.,usable,2019-07-29 18:11:27.296,A2196WCNDZULFS,FABRIC_DISPLAY,[]
8f69b8b3882a466890a47da2fc5bffec,NFL could install this fabric display on the football field and place fake grass on top and show digital displays on it.,usable,,,FABRIC_DISPLAY,[]
1ee6fe6ccdb442e5a9126f8d9840861b,Could be used in queue locations such as airports and trains so that customers can more efficiently get on their form of transportation without having to deal with inefficient company guards.,usable,,,FABRIC_DISPLAY,[]
7ed32023d32f4426b11928412c4064e2,"
banners",unusable,2019-07-22 17:28:45.861,AVPW7AXI9AFSM,FABRIC_DISPLAY,"['Charcount', 'Charcount', 'Charcount', 'Charcount', 'Charcount', 'Wordcount', 'Wordcount', 'Wordcount', 'Wordcount', 'Wordcount', 'Wordcount', 'Wordcount', 'without verb or adj', 'without verb or adj unigram', 'Charcount', 'Charcount', 'Charcount', 'Charcount', 'Charcount', 'Wordcount', 'Wordcount', 'Wordcount', 'Wordcount', 'Wordcount', 'Wordcount', 'Wordcount', 'without verb or adj', 'without verb or adj unigram']"
4a051780e34846579cc63861c8e92701,"Ok this depends on whether the fabric is ""touch sensitive"" like you have to touch it with your finger, or it can be monitoring your vitals. For people who have serious issues with high blood pressure or heart conditions, this could be a good early warning that something in their body is starting to work harder than normal.",usable,,,FABRIC_DISPLAY,[]
ecfb7efc544644d390adbca23c65f2dd,"Those working with fabrics - tailors, etc. - could project measurements on to the fabric to make cutting/sewing easier. Reduces the need to physically mark fabric with pen or chalk",usable,,,FABRIC_DISPLAY,[]
3eb8e2818a794d418abf96962fef08e8,use the small sensor to find the touch sense.,usable,,,FABRIC_DISPLAY,"['Wordcount', 'Wordcount', 'Wordcount', 'Wordcount', 'Wordcount', 'Wordcount']"
d2f2a882e31c4143a23c437294a95a96,It could be used to sell curtains that can change color and pattern based on the time of day and mood.,usable,2019-07-25 22:01:11.662,A19R9046KFC12H,FABRIC_DISPLAY,[]
74ec54cbf56245278ba31879e91fa115,A large sky image for home fireworks during holidays that would be safe.,usable,2019-07-29 00:57:05.722,A2PXJTMWGUE5DC,FABRIC_DISPLAY,"['Wordcount', 'Wordcount', 'Wordcount', 'Wordcount']"
a97a3afc9e67443ba0744419f199d2ea,"The display can project measurements on to fabrics to help people measure how big their shirt is. Or in projects that require measuring out fabric, the display can help people cut to the proper dimensions.",usable,2019-07-29 23:30:06.374,AKZ8SFOAI4RZN,FABRIC_DISPLAY,[]
091b1a5a9f7440ed9e6921eb78c699af,Could reduce waste in various businesses or events by only having to program a new sign instead of using other resources,usable,2019-07-22 20:58:29.892,A2J18K5IUQ2K4G,FABRIC_DISPLAY,[]
6447193a6d064d7fb608f82fb68c2dc9,A portable dance dance revolution board.,usable,2019-07-22 17:40:18.812,AUFUUD4WG9CVO,FABRIC_DISPLAY,"['Wordcount', 'Wordcount', 'Wordcount', 'Wordcount', 'Wordcount', 'Wordcount', 'Wordcount', 'Wordcount']"
9104576c36d847f7adb9d583e31ebc2b,You could have built-in image software that can tweak the fabric in different ways as you are making it to fill you with inspiration as you go along.,usable,,,FABRIC_DISPLAY,[]
45272df1cdc44fc0b5f112abf7beb7b6,"Use them to create a changing, interactive art gallery",usable,,,FABRIC_DISPLAY,"['Wordcount', 'Wordcount', 'Wordcount', 'Wordcount', 'Wordcount', 'Wordcount']"
f35c44f19b714556bca66a2ad371c1dd,It could be used to play mobile movies.,usable,2019-07-24 20:56:53.378,A3QL8ZAD9BKWUF,FABRIC_DISPLAY,"['Wordcount', 'Wordcount', 'Wordcount', 'Wordcount', 'Wordcount', 'Wordcount']"
f657af4c3a114ba6b64a4c7479d4f910,You could maintain a wearable To Do list. ,usable,2019-07-26 22:21:55.882,A2EKR2ZFO10VMV,FABRIC_DISPLAY,"['Wordcount', 'Wordcount', 'Wordcount', 'Wordcount', 'Wordcount', 'Wordcount']"
9bf4c6a8dd944973a6c67e1eb6f88b73,Billboard,usable,2019-07-25 17:39:12.752,A35D31QHYQUF9V,FABRIC_DISPLAY,"['Charcount', 'Charcount', 'Charcount', 'Charcount', 'Charcount', 'Wordcount', 'Wordcount', 'Wordcount', 'Wordcount', 'Wordcount', 'Wordcount', 'Wordcount', 'without verb or adj', 'without verb or adj unigram', 'Charcount', 'Charcount', 'Charcount', 'Charcount', 'Charcount', 'Wordcount', 'Wordcount', 'Wordcount', 'Wordcount', 'Wordcount', 'Wordcount', 'Wordcount', 'without verb or adj', 'without verb or adj unigram']"
5f85fda4b3b54f27893a2efeafdf4721,"Multiple instances of the item could be inserted into an outfit, allowing whoever is wearing it, to project the appearance of different fabrics, and different colors, so that they can change the style of whatever they are wearing on the spot. Such an item would probably be an expensive high-fashion article though.",usable,2019-07-27 05:04:53.72,A2WGW5Y3ZFBDEC,FABRIC_DISPLAY,[]
2200a909b6b248689a8e028aa62393a4,"Instead of white boards in workplaces, touch screen boards could be used instead which could provide many more options and be much more versitile.",usable,2019-07-24 07:00:58.979,A2K08PIXXDQLU0,FABRIC_DISPLAY,[]
c2506b0c866c4dceb70ba26d718cd707,"If you're trying to get someone's attention, such as in a crowded airport or at a concert, you can flash the person's name on your shirt.",usable,2019-07-30 01:25:18.925,AHDW0M4017Z8K,FABRIC_DISPLAY,[]
6a88be9d404246dcab3300885a7c6e94,"You could change your shirt from black, or any dark color, to white on a sunny and hot day.",usable,,,FABRIC_DISPLAY,"['Wordcount', 'Wordcount']"
a823d9a0568a4923ace6bc76ba114948,"In casual sports, sometimes groups of friends might want to split into teams. The display could provide a means to show a team color or team logo for the purpose of identifying who is on which team.",usable,2019-07-29 23:29:04.577,AKZ8SFOAI4RZN,FABRIC_DISPLAY,[]
1f2454c902d74b8fa250f7f423c55153,The fabric could be hung on the ceiling of bedrooms and hooked up to a live stream of a view of space when you sleep. That way you could look at shooting stars and stargaze while going to bed.,usable,,,FABRIC_DISPLAY,[]
3af6b0ea2742472d9d644f6c58340449,"It could be used as a toy for children, such as a track. It could be used on the floor for small children and can change scenes for play. The scenes could be train tracks, race tracks, villlages, castles, etc. Children could have tons of fun and imagination play, using their dolls, trucks, trains and other toys to play on the changing fabric scene. It's safe and endless hours of fun",usable,,,FABRIC_DISPLAY,[]
4c8960b158fb4feeb0ff96d52996fffd,"You could use the cloth to easily change specials on a menu that would otherwise be on a chalkboard.  You could customize the font on a cloth and make it fit your brand, as well as what you're offering, with pictures of the dish.",usable,,,FABRIC_DISPLAY,[]
2d5106578e494a39ba8364bdd83d5da3,A process of creating multiple sensor areas in single fabric path was developed.This type of technology are hand's position and movement in space.,usable,2019-07-24 06:34:01.292,A3NGEIHH9C7VF9,FABRIC_DISPLAY,[]
6b210b77ae144cb8bd8db92651cb801e,A tablecloth for restaurants that can display seating arrangements for reserved parties or indicate that a table is about to taken.,usable,2019-07-30 01:28:09.808,AHDW0M4017Z8K,FABRIC_DISPLAY,[]
0bd261622d244d4d99fec9e501937dbb,can use at yoga to ensure the posture is correct,usable,,,FABRIC_DISPLAY,"['Wordcount', 'Wordcount', 'Wordcount', 'Wordcount']"
3d6a0b91a61b4c90b129fa84943bb325,Refrigerators could have this fabric on the front door which could be used to display a shopping list.,usable,2019-07-29 20:45:03.022,A3L0DCUXI7X3A9,FABRIC_DISPLAY,"['Wordcount', 'Wordcount']"
